number,value,state,params_lambda,params_n_lags,params_window_size,user_attrs_kappa,user_attrs_kappa_tstat,user_attrs_r2_stage1,user_attrs_r2_stage2,user_attrs_status
0,-1001.9599636043005,COMPLETE,9.544193222735302e-05,17,270,9.492284144344552e-07,3.639569958480702e-05,0.9867462244554615,-7.48545023743219e-08,infeasible
1,-1000.8895117569249,COMPLETE,0.0017511478005244685,13,190,0.0731778283516778,1.0704882430751446,0.12864628179088844,0.0005860509542954251,infeasible
2,-1001.9598338424879,COMPLETE,0.00039440253103967704,22,70,5.452153629322833e-06,0.00016615751212275138,0.9591209330386468,-8.862469313974941e-08,infeasible
3,-1001.9599996620625,COMPLETE,3.568202360619017e-05,18,260,8.551859152810859e-09,3.379374457561402e-07,0.9968968415794061,-4.980902357232253e-10,infeasible
4,-1001.9599999128243,COMPLETE,1.3645935508218872e-05,15,260,2.126423494698768e-09,8.717576388577303e-08,0.9982244012787526,-1.463360543851877e-10,infeasible
5,-1001.9599996550022,COMPLETE,4.782636708516677e-05,10,160,7.867714869429289e-09,3.449978416183398e-07,0.9952028188048314,-2.507793972483796e-10,infeasible
6,-1001.9599471398107,COMPLETE,0.0008124021842166388,15,20,1.4767194382067736e-06,5.2860189330832816e-05,0.9113202401457083,-3.811880255888411e-08,infeasible
7,-1001.9599502981587,COMPLETE,0.0005351059488234689,15,220,1.7237329305110386e-06,4.9701841369382406e-05,0.7705436842456012,-3.189528152702792e-08,infeasible
8,-1001.9599854017291,COMPLETE,1.2761457018443231e-05,17,250,3.623520577361074e-07,1.459827088770758e-05,0.9982085974869586,-3.4310944529991616e-08,infeasible
9,-1001.9599931720106,COMPLETE,1.0333010818433483e-05,25,130,1.872334854564363e-07,6.827989373988235e-06,0.9963464654221473,-6.6951884036825504e-09,infeasible
10,-1001.9599999440284,COMPLETE,0.0023128228671342307,13,100,3.679227622269994e-09,5.597168068716602e-08,0.17601014145003582,-6.510569861006843e-11,infeasible
11,-1001.9599999150381,COMPLETE,0.0002627144387259393,19,220,2.410361458157546e-09,8.496187982226561e-08,0.9384710245170355,-5.6347815302615345e-11,infeasible
12,-1001.9599622708296,COMPLETE,0.0011302679936085434,21,270,2.2666673428757653e-06,3.772917042422161e-05,0.303871458866915,-1.3951500177356024e-08,infeasible
13,-1000.0,COMPLETE,0.008977357542419812,17,140,,,,,invalid_nan
14,-1000.0,COMPLETE,0.008479964978629868,19,190,,,,,invalid_nan
15,-1001.9599842310814,COMPLETE,0.0005057482225321203,12,70,4.7588216533386266e-07,1.576891857028426e-05,0.9287526751620369,-2.6611351788830007e-08,infeasible
16,-1001.9598091621551,COMPLETE,0.0008691447034397962,23,220,7.975705121499076e-06,0.00019083784491084457,0.5708187160313791,-8.287079755753268e-08,infeasible
17,-1001.959999487776,COMPLETE,2.011200943755907e-05,14,160,1.3179458349540807e-08,5.122239225952621e-07,0.9969087126404677,-3.1779312514856883e-10,infeasible
18,-1000.2091931958397,COMPLETE,0.0020982085059308656,11,210,0.17175002979215775,1.7508068041603333,0.045177388847545026,0.0012634267734128457,infeasible
19,-1001.959992215051,COMPLETE,0.00018027509779961455,19,280,2.1530412450647277e-07,7.784949049854856e-06,0.9588545827048051,-1.758985468391927e-08,infeasible
20,-1001.9532542515258,COMPLETE,3.710855966762213e-05,17,100,0.00018623544559889546,0.006745748474208793,0.9946176802870581,-6.089435355960404e-08,infeasible
21,-1001.664632069355,COMPLETE,0.0002996255458076186,18,60,0.009226262775747363,0.2953679306450161,0.9729145182628994,4.7486660411988346e-05,infeasible
22,-1001.916284905593,COMPLETE,0.0008042139096102378,10,260,0.001954226493439829,0.04371509440706546,0.4564829541704926,1.1368539574174719e-06,infeasible
23,-1000.6695287854752,COMPLETE,0.0023415686489939454,16,170,0.10706961873499556,1.290471214524722,0.06334017714415324,0.0007823116218769188,infeasible
24,-1000.0,COMPLETE,0.008984492268731334,22,170,,,,,invalid_nan
25,-1001.9599999890927,COMPLETE,6.77311120889766e-05,10,100,2.7381333988510203e-10,1.0907335448710331e-08,0.993039923993613,-1.830757767606883e-11,infeasible
26,-1001.9599999602797,COMPLETE,0.00032610833776049365,15,280,1.2442787936410563e-09,3.9720295934799966e-08,0.8695335407575817,-5.4432458540532025e-11,infeasible
27,-1001.9599999868583,COMPLETE,2.0794721155898267e-05,13,40,3.880882083976516e-10,1.3141690444410004e-08,0.9826896053781047,-1.7783552408445757e-11,infeasible
28,-1001.9599898774229,COMPLETE,0.0065371595661834,12,20,6.027674731493959e-07,1.0122577095789053e-05,0.0607324593472104,-3.776506884989317e-09,infeasible
29,4.6584886555617615,COMPLETE,0.002085038518778796,21,220,0.19364228640412473,2.6150390442407327,0.06428297983075619,0.0027008328051882913,feasible
30,-1001.9599996427123,COMPLETE,0.00014130076345001723,11,70,9.720179072464222e-09,3.572876642685998e-07,0.9865509556239462,-9.222393959618103e-10,infeasible
31,-1001.9599964058492,COMPLETE,8.660227041505948e-05,24,260,9.627915246918003e-08,3.5941507455134055e-06,0.9905711245424534,-4.139022902194256e-09,infeasible
32,-1001.9599916186071,COMPLETE,1.615782439805222e-05,14,300,1.9599159769996115e-07,8.381392917277017e-06,0.99825453966863,-4.908825790295168e-09,infeasible
33,-1001.9590456334075,COMPLETE,0.0003066639635446491,18,210,2.637643273956897e-05,0.0009543665924799402,0.9212863584599617,-9.127850741919019e-08,infeasible
34,-1001.840900806427,COMPLETE,0.008904330183323076,13,50,0.05439442732758188,0.18812211706441484,-0.006892292349142356,1.740741031430737e-05,infeasible
35,-1000.034604336764,COMPLETE,0.007010355339169125,21,100,0.5276004516157319,3.059004515659943,-0.0034504336763992154,0.0011840837402059545,infeasible
36,-1001.9599916038335,COMPLETE,0.0004370417692672283,23,280,2.8123855911752133e-07,8.396166507693991e-06,0.8165677601636965,-1.514150138604009e-09,infeasible
37,-1001.9599809781553,COMPLETE,1.5138674793310569e-05,17,260,4.713393263754861e-07,1.902184472701853e-05,0.9981856210502242,-2.0249634413715967e-08,infeasible
38,-1001.9598975352977,COMPLETE,0.00015116408166181806,25,270,2.8014419164118054e-06,0.00010246470226553008,0.9745013400021252,-8.126698181065706e-08,infeasible
39,-1001.9599999731811,COMPLETE,0.0004479837210322732,14,280,9.262108047747501e-10,2.6818887349554292e-08,0.772381638934996,-3.392219838360688e-11,infeasible
40,-1001.9599915361872,COMPLETE,2.1133983170262206e-05,17,300,2.040768850408687e-07,8.463812812746768e-06,0.9980127365164703,-2.2300685742493442e-08,infeasible
41,-1001.6958439581296,COMPLETE,8.082844791598281e-05,11,200,0.006207384100111782,0.2641560418704232,0.9906599945962997,4.124079975753592e-05,infeasible
42,-1001.9599912462778,COMPLETE,0.00406706978030729,25,30,5.08811827799649e-07,8.753722231595095e-06,0.22373251559683965,-1.6474227759744053e-08,infeasible
43,-1001.9599999919967,COMPLETE,3.381063737282651e-05,14,270,1.903195245384366e-10,8.003297814046954e-09,0.9968433433310995,-1.6062262631066915e-11,infeasible
44,-1001.9599085824245,COMPLETE,0.0003516067089003218,19,190,2.754228820289127e-06,9.141757549084161e-05,0.9122299796492295,-2.8436784482721578e-08,infeasible
45,-1001.9599998664658,COMPLETE,1.6496785181971286e-05,19,150,3.4431795144648105e-09,1.3353426754075e-07,0.996791745707839,-9.122280708595554e-11,infeasible
46,-1001.9599986776117,COMPLETE,7.892168506768631e-05,24,220,3.40690237804589e-08,1.3223883340204673e-06,0.9928003236510732,-1.6893846321863748e-09,infeasible
47,-1001.9599985279698,COMPLETE,0.0004626316359977687,12,130,4.4255604591164665e-08,1.4720302605923017e-06,0.8877562600005489,-1.4841807782772776e-09,infeasible
48,-1001.959979655936,COMPLETE,0.0001886581250704767,25,50,6.588057874574218e-07,2.0344064000501903e-05,0.9821978830102803,-6.54061071969636e-09,infeasible
49,-1001.9599874769414,COMPLETE,0.000716967683771997,18,280,5.428663865091347e-07,1.2523058603250806e-05,0.5727134128564599,-7.604806340211212e-09,infeasible
50,-1001.9569366066431,COMPLETE,0.0011435729308392987,15,250,0.00018616700589347505,0.0030633933568816416,0.29055981653240315,-5.7414573095826427e-08,infeasible
51,-1001.9599755727437,COMPLETE,6.1011721086125525e-05,22,290,6.337064577841234e-07,2.4427256337640803e-05,0.9938918671022606,-2.4626877426214833e-08,infeasible
52,-1001.9599950079546,COMPLETE,7.86617321763215e-05,17,300,1.262808978621995e-07,4.992045420902739e-06,0.9892781189758871,-1.3074357152476068e-08,infeasible
53,-1001.9599999944132,COMPLETE,6.1815503293709e-05,25,100,1.576531481067076e-10,5.586769688672426e-09,0.9938672019094126,-8.669287510087997e-12,infeasible
54,-1001.9599952123043,COMPLETE,9.542797436332694e-05,24,230,1.2902929163966192e-07,4.787695654445592e-06,0.9900400715990121,-2.4385977681617987e-09,infeasible
55,-1000.0,COMPLETE,0.006885237119668211,21,130,,,,,invalid_nan
56,-1000.0,COMPLETE,0.006322687835956014,21,160,,,,,invalid_nan
57,-1000.0,COMPLETE,0.009262293695995962,24,200,,,,,invalid_nan
58,-1000.0,COMPLETE,0.007365739638916883,19,160,,,,,invalid_nan
59,-1001.6809749750842,COMPLETE,0.0015585376194038338,23,150,0.015626121064377902,0.2790250249158902,0.32416048721932433,4.411122244163401e-05,infeasible
60,-1000.0,COMPLETE,0.00868514353031751,19,240,,,,,invalid_nan
61,-1000.0,COMPLETE,0.008178697054837744,14,160,,,,,invalid_nan
62,-1000.0,COMPLETE,0.009818545530576171,22,150,,,,,invalid_nan
63,-1000.0,COMPLETE,0.008567757175585989,22,160,,,,,invalid_nan
64,-1000.7291304841664,COMPLETE,0.00283532243567604,20,170,0.1373751695770168,1.2308695158335718,0.03350705100540922,0.0006653215312718563,infeasible
65,-1001.9597694482057,COMPLETE,0.0016421970933125822,18,100,1.142439711034266e-05,0.00023055179425519106,0.42500123306091075,-7.386790668029164e-08,infeasible
66,-1000.0,COMPLETE,0.009591480581012397,25,210,,,,,invalid_nan
67,-1000.0,COMPLETE,0.005445036406378418,24,200,,,,,invalid_nan
68,-1000.0,COMPLETE,0.004795406126677645,25,230,,,,,invalid_nan
69,-1000.0,COMPLETE,0.007671460112109667,24,240,,,,,invalid_nan
70,-1000.0,COMPLETE,0.00953295664750952,17,90,,,,,invalid_nan
71,-1000.0268341731584,COMPLETE,0.006084058027446834,17,120,0.7777419367742666,13.284045713359847,-0.0026734173158360916,0.004965055601413693,infeasible
72,3.6372481180056497,COMPLETE,0.003091859026728033,22,230,0.36102218639308015,2.0320567269754926,0.006251089690784643,0.001033228222141247,feasible
73,4.13882388741378,COMPLETE,0.002303485843229665,21,210,0.17623939426971405,1.9697905752360545,0.047942289646033864,0.0015913646128367098,feasible
74,3.9580012627054546,COMPLETE,0.0025203514198688243,20,240,0.23824680525809444,1.9621587180304012,0.019920219764132874,0.0013747487241793088,feasible
75,-1000.4741900790252,COMPLETE,0.001832849397390695,21,210,0.10188085310630765,1.4858099209747284,0.11589028572391376,0.0010770663699917193,infeasible
76,-1000.0,COMPLETE,0.009920825001013224,18,170,,,,,invalid_nan
77,-1000.0084840649948,COMPLETE,0.0037989291917370454,21,220,0.7779914986082218,7.986079200808758,-0.000838406499488251,0.0019106128675178136,infeasible
78,-1000.4422585738957,COMPLETE,0.0017243614075452907,20,220,0.09985362105774745,1.5177414261043034,0.1279963774591944,0.0011349149036293804,infeasible
79,-1001.6664151759817,COMPLETE,0.001126719257791439,20,210,0.013558396179743812,0.2935848240182864,0.40501579712178476,5.0673565111347685e-05,infeasible
80,-1000.3045058575613,COMPLETE,0.0021168531673706687,21,240,0.15751031893933626,1.6554941424387464,0.04723845763103965,0.0011979798362538041,infeasible
81,4.253266804772548,COMPLETE,0.002352363925006434,19,230,0.2208615451655091,2.226514043342352,0.030721126418377456,0.0018385028032296136,feasible
82,3.8777018618189723,COMPLETE,0.0031336420411118902,19,240,0.47336302321066365,2.840122748405342,0.0037476175203797115,0.001376648045270601,feasible
83,-1000.0131807576627,COMPLETE,0.00346118318462893,21,290,0.9797757961959886,35.65612175325572,-0.0013080757662646064,0.0003226076065863115,infeasible
84,-1000.0,COMPLETE,0.0036782746176577583,19,300,,,,,invalid_nan
85,-1000.5035339302982,COMPLETE,0.0019229301816850075,21,290,0.16491079386317953,1.4564660697018088,0.0435972224833863,0.0009410716013893428,infeasible
86,-1000.0102702416972,COMPLETE,0.003281573463254028,20,280,0.9388773127754894,46.59890155186828,-0.001017024169720906,0.005063727770444171,infeasible
87,4.251833571544753,COMPLETE,0.0030300419948110554,18,260,0.5887416118049789,4.445160308666437,0.00265613608067569,0.002079253914543555,feasible
88,4.012084921124896,COMPLETE,0.003456571844568827,17,230,0.6611761470118661,4.948700974262863,0.0007607086327991995,0.001716518640469844,feasible
89,-1000.0,COMPLETE,0.005987237317240507,16,240,,,,,invalid_nan
90,-1000.0,COMPLETE,0.004859576134586622,15,250,,,,,invalid_nan
91,-1000.0,COMPLETE,0.005414893642156966,16,220,,,,,invalid_nan
92,3.852061773468616,COMPLETE,0.00307687621054901,16,230,0.41277904548777966,2.4976531905814032,0.005481335803518314,0.0013132307080089278,feasible
93,4.415347615241774,COMPLETE,0.002396598101149469,16,230,0.2708049918248539,2.611290137592277,0.023438106827319612,0.0022096383266203556,feasible
94,-1000.0,COMPLETE,0.006770086196068299,12,260,,,,,invalid_nan
95,4.3970062551883276,COMPLETE,0.0018491572585453396,18,230,0.1591993433681488,2.1676822581869493,0.08458981636412198,0.0020279827327905897,feasible
96,4.338019831775697,COMPLETE,0.0020510571223571633,17,230,0.18634601368954481,2.1966484705319598,0.055166053186955506,0.0019493053723635967,feasible
97,4.314578347130735,COMPLETE,0.0025304742536099607,17,230,0.28647554099922495,2.540475040829134,0.02001249819912737,0.002004875779559323,feasible
98,-1001.2589570208788,COMPLETE,0.0016982935908217529,17,210,0.05015827802517003,0.7010429791212297,0.13366758569849518,0.00026783047145573224,infeasible
99,4.632674273302138,COMPLETE,0.0019827313961315843,17,220,0.18276152890919423,2.5423000929698505,0.07081393199094795,0.0026164999802914535,feasible
100,-1001.9599936138648,COMPLETE,0.0010051647033146264,17,230,3.087378888537494e-07,6.3861352520788445e-06,0.42625735922407465,-7.742837482282994e-09,infeasible
101,4.231514253293311,COMPLETE,0.0019454775040148736,17,230,0.16075184274577237,2.0018780426272396,0.06836107446939284,0.001723002307042587,feasible
102,-1001.9599648628234,COMPLETE,0.0010419445848510558,17,220,1.676915015648607e-06,3.513717656679611e-05,0.41991242092366676,-1.6480052211775842e-08,infeasible
103,-1001.9114493952044,COMPLETE,0.0010021598516096143,17,200,0.002131830722034234,0.0485506047956118,0.4861505453178711,1.3717866859108696e-06,infeasible
104,-1001.89210638085,COMPLETE,0.0012091041813561442,17,210,0.0034804515594279513,0.06789361914996421,0.33584800102270046,2.76182409320036e-06,infeasible
105,-1001.9593327740405,COMPLETE,0.000994360180356148,15,210,3.087010915415686e-05,0.0006672259595664687,0.4573081359223504,-8.734820911016072e-08,infeasible
106,-1001.959999108761,COMPLETE,0.0008367587780491741,14,190,3.526389635046646e-08,8.912389993984177e-07,0.5977891121098939,-7.207097141304075e-10,infeasible
107,-1001.0516630613454,COMPLETE,0.0016302209705718656,15,170,0.05154350886142112,0.9083369386546342,0.20907181103473918,0.00043714388045368313,infeasible
108,-1001.9599358628199,COMPLETE,0.0008983034215734096,16,180,2.6236283042151793e-06,6.413718019483355e-05,0.5880754690164837,-1.465502297293142e-08,infeasible
109,-1000.2300046806895,COMPLETE,0.0018413990448056352,17,280,0.17310814856671136,1.7299953193104636,0.053065433228322884,0.0012898184923173517,infeasible
110,-1000.5971602177757,COMPLETE,0.0017955503697669997,16,270,0.1338554396115164,1.3628397822243095,0.05844489213517881,0.0008724585277147812,infeasible
111,-1000.5436686343352,COMPLETE,0.0016970613645455946,15,270,0.12686255257756385,1.416331365664799,0.07159810620243101,0.0009569938080442597,infeasible
112,4.675684370859128,COMPLETE,0.00261636409193661,16,300,0.6134331696639634,5.761776428434302,0.004098020004355168,0.0031559288549526388,feasible
113,-1000.0043164323251,COMPLETE,0.003400749358332856,17,250,0.8358604219342732,14.603646199738042,-0.00042164323250986604,0.00353755689639923,infeasible
114,-1001.2299685867059,COMPLETE,0.0015486625443155804,16,290,0.07007211855483364,0.7300314132940471,0.09045644900807903,0.00029246780723024557,infeasible
115,4.028891772421452,COMPLETE,0.003191004387788185,17,240,0.5556667074994506,3.6815818618017144,0.002671084914849283,0.0016446149938939003,feasible
116,4.1481754756442335,COMPLETE,0.0021005705575547875,19,240,0.17930397421360442,1.9721540794544306,0.04605576843007259,0.001610674738509954,feasible
117,3.4340363519207493,COMPLETE,0.0035004807816455302,19,220,0.476688871197559,2.304945628933307,0.0016851395263273634,0.0008851535415013156,feasible
118,-1000.0,COMPLETE,0.009169184219423395,17,300,,,,,invalid_nan
119,4.2865279925924,COMPLETE,0.0024471636606072083,18,210,0.2210228647519683,2.2766852941985647,0.03289939890971505,0.0018971326808909783,feasible
120,-1000.0,COMPLETE,0.007454241812260771,16,300,,,,,invalid_nan
121,-1000.0,COMPLETE,0.005789925651937524,16,290,,,,,invalid_nan
122,-1000.0,COMPLETE,0.009428868106910652,16,300,,,,,invalid_nan
123,-1001.9599735471027,COMPLETE,0.0009178980124486141,20,230,1.2080852150174757e-06,2.6452897326419173e-05,0.5072237708774869,-6.2090275143589224e-09,infeasible
124,-1001.9598575853905,COMPLETE,0.0005939235446456326,20,240,5.308860584594022e-06,0.00014241460951082752,0.7303559658521132,-7.432073867441602e-08,infeasible
125,-1001.959920776342,COMPLETE,0.0008700498847709618,19,270,3.7686750844451275e-06,7.922365801332502e-05,0.47341573755676386,-3.455212294056764e-08,infeasible
126,-1001.9599880831764,COMPLETE,0.0008457315143681264,19,260,5.473409646837671e-07,1.191682360183173e-05,0.5071853477054027,-3.1071814010630305e-09,infeasible
127,-1000.8467286245445,COMPLETE,0.002894611117241051,18,190,0.160742782071557,1.1132713754554175,0.019992233184469122,0.0005209030539222725,infeasible
128,-1001.9599997850663,COMPLETE,4.269063328138653e-05,22,20,6.0837832425842775e-09,2.149337116397266e-07,0.9551007800492617,-5.397944313756398e-10,infeasible
129,4.390877570794643,COMPLETE,0.0021180090499123157,19,190,0.15344860625431586,2.1721808409879335,0.08315996271801455,0.00201677277438439,feasible
130,4.649822718300279,COMPLETE,0.002202768864204046,18,200,0.1968684631113865,2.6359400556409143,0.060437116058396814,0.002685171906496975,feasible
131,-1000.2339186188988,COMPLETE,0.00195876296338589,19,180,0.11244572713638691,1.7260813811012834,0.12192738139963723,0.0013921312935294416,infeasible
132,-1001.9598796978397,COMPLETE,3.536580068693356e-05,19,40,3.7492563480172976e-06,0.00012030216033967197,0.9826336256606745,-7.000638402310244e-08,infeasible
133,4.37089576606897,COMPLETE,0.0020667268814241516,19,190,0.1462839001855176,2.126492906164289,0.09088186658526508,0.001965808994534135,feasible
134,-1001.5763019094488,COMPLETE,0.0011592146067504734,18,160,0.017312946921960462,0.3836980905511858,0.4810764749157109,8.34097644552001e-05,infeasible
135,-1001.3152109246953,COMPLETE,0.00035657822668694187,20,140,0.018452506396496534,0.6447890753047195,0.9356730803748146,0.00023266707678126775,infeasible
136,-1001.9599894665278,COMPLETE,6.734729867347662e-05,17,20,2.849311871510143e-07,1.0533472206063223e-05,0.9549947690395517,-2.0298307035204743e-08,infeasible
137,-1001.8445353703207,COMPLETE,0.0008452704041726312,19,160,0.004474971406011034,0.11546462967926961,0.6767441028091112,7.756944177983449e-06,infeasible
138,-1000.251790987285,COMPLETE,0.003265474275242803,17,190,0.2759989721331972,1.7082090127150749,0.009990851224898019,0.0009115713696573602,infeasible
139,4.4567619649479795,COMPLETE,0.001738120932650763,18,200,0.12451422859727385,2.1395532666842856,0.13939137810751956,0.0021034138868184504,feasible
140,4.3362002135454025,COMPLETE,0.0024254969192916377,18,210,0.22139536726142162,2.3354804263715683,0.03433560001356058,0.001994250724097424,feasible
141,4.2675347571331,COMPLETE,0.00260022437783315,18,220,0.26027435122039355,2.3942567329126523,0.020964885165081156,0.0019038008069612866,feasible
142,4.275008244857458,COMPLETE,0.002460299332339182,18,200,0.20853838818496626,2.2264592442191855,0.03734171635069728,0.0018619289811299122,feasible
143,4.415875915546365,COMPLETE,0.002120898800445564,18,190,0.15705764085362736,2.213875825026862,0.07906094645991404,0.0020757502296340213,feasible
144,-1000.8188712865722,COMPLETE,0.003674095456436396,18,180,0.25673404215627105,1.141128713427778,0.0059532984191144715,0.0004267776315688421,infeasible
145,-1000.0908524033165,COMPLETE,0.003322045673942361,17,180,0.2801616548643008,1.8691475966834603,0.011431225562313307,0.001071531584393437,infeasible
146,-1001.6980824322984,COMPLETE,6.459300681007972e-05,20,40,0.00819687478027188,0.26191756770164215,0.9822817642601439,3.706682703441544e-05,infeasible
147,-1000.6439541298694,COMPLETE,0.0019584873448071053,18,160,0.0848114494465333,1.316045870130593,0.1448308686903309,0.0008505362729049892,infeasible
148,-1001.5875945132461,COMPLETE,0.0010520196085143454,19,190,0.01638927494220588,0.3724054867538509,0.4883645981806169,8.014534412059682e-05,infeasible
149,-1000.0648435278866,COMPLETE,0.001970249003055303,19,190,0.12582319417687615,1.8951564721134124,0.10742627699972772,0.0016376082281328586,infeasible
150,-1001.9599889504858,COMPLETE,2.2820094289135698e-05,19,30,3.619133998889601e-07,1.1049514183050925e-05,0.9737733367378618,-3.702339768096863e-09,infeasible
151,-1000.003536625703,COMPLETE,0.004094486274396493,17,190,0.6947528619504496,5.998273361717506,-0.0003436625702935012,0.001997865355692352,infeasible
152,-1000.0410796582338,COMPLETE,0.0033999286002330195,17,200,0.3501667155014776,1.9189203417661864,0.0056673267822478,0.0009328719268175689,infeasible
153,3.898255750952561,COMPLETE,0.00398466302401456,13,190,0.6077489710833344,4.125491651754152,0.00045887263740493415,0.001557826811939278,feasible
154,-1001.959968180476,COMPLETE,0.00046687760422573106,23,190,1.0465883632166165e-06,3.181952400985733e-05,0.8645708320562578,-2.2546339462081733e-08,infeasible
155,-1000.4481000237599,COMPLETE,0.003028460640417357,14,190,0.22354457800045488,1.5118999762400473,0.013383115862420266,0.0008199765600027664,infeasible
156,4.508059386262109,COMPLETE,0.0016683471647823884,18,220,0.13108671239687159,2.20387924155516,0.1325920990468682,0.0022250454550252208,feasible
157,-1001.0902622489742,COMPLETE,0.0012037843087675376,19,200,0.03967958942165069,0.8697377510258291,0.3741321070192154,0.000419175285042761,infeasible
158,-1001.0227312061173,COMPLETE,0.0016660191342444124,19,210,0.0608839867147014,0.9372687938826415,0.15216704813101106,0.00046834054160627137,infeasible
159,-1001.6196473348186,COMPLETE,0.001150438868903576,18,210,0.01590453355255612,0.34035266518141427,0.37562304739134017,6.778694662346041e-05,infeasible
160,-1001.1190893416784,COMPLETE,0.0012354832031522462,18,220,0.043160444915265925,0.8409106583215148,0.3073529076176261,0.0003936134747573039,infeasible
161,-1001.9599507797961,COMPLETE,0.0011348647675515895,17,220,2.535148820218588e-06,4.9220203891469456e-05,0.36078916376403913,-9.208532381066448e-09,infeasible
162,-1001.596619737554,COMPLETE,0.0011677651520088446,17,200,0.017412611975160745,0.36338026244605975,0.3807072266794191,7.655881674017984e-05,infeasible
163,-1000.0,COMPLETE,0.007325874013467539,19,210,,,,,invalid_nan
164,-1000.5093815425752,COMPLETE,0.001661164093755899,16,220,0.09691401108819644,1.4506184574248242,0.12456694103126266,0.0010414837997301252,infeasible
165,-1000.982024791493,COMPLETE,0.0014276963443824902,15,230,0.06399821686224652,0.9779752085070315,0.18256053771763361,0.0005116344483772073,infeasible
166,-1000.0,COMPLETE,0.006746849239809904,19,230,,,,,invalid_nan
167,-1001.9599988166943,COMPLETE,0.00010684784531659015,16,160,3.110322744505182e-08,1.1833057066715933e-06,0.9894843035408695,-3.150739669166569e-10,infeasible
168,3.996983984084336,COMPLETE,0.0026118135134531265,18,230,0.26019387122731086,2.0774329168147103,0.017565578452470202,0.0014428190612173486,feasible
169,-1000.0103140998433,COMPLETE,0.003960219058885495,19,210,0.7419542108639484,4.845543647768109,-0.0010214099843304204,0.0009462131627420156,infeasible
170,-1000.0024835885172,COMPLETE,0.003829989729563124,19,210,0.6359890596587067,3.4776743428299866,-0.00023835885172233872,0.0009702187578504162,infeasible
171,-1001.2710041015247,COMPLETE,0.0030770063625063025,19,190,0.12512971936963216,0.6889958984753131,0.014741457823573119,0.00021699792474594304,infeasible
172,-1001.5429270776584,COMPLETE,0.0013654710990095775,21,180,0.02202428733503588,0.4170729223415785,0.33731900308013246,9.893302229213585e-05,infeasible
173,-1001.2151647105065,COMPLETE,0.0017975321152754078,21,160,0.04540598956899338,0.7448352894934295,0.20243232404869302,0.0002969730710027374,infeasible
174,-1001.0602749923916,COMPLETE,0.0017135462880476311,21,180,0.05570341469826477,0.8997250076084312,0.1902404463570509,0.00042911690167690697,infeasible
175,-1001.6006480955366,COMPLETE,0.001464449534365533,20,160,0.01921020672702703,0.3593519044633767,0.3306560173522206,7.294047032335715e-05,infeasible
176,-1000.4587791931895,COMPLETE,0.001633212073599111,18,250,0.11219154736995508,1.5012208068105506,0.11186168324681794,0.0010995968270841594,infeasible
177,4.188398249030777,COMPLETE,0.0027502282645918805,17,230,0.33097124778619313,2.565247606272206,0.012700071304624895,0.0017977066232194305,feasible
178,-1000.0946775151182,COMPLETE,0.0019371602014067668,17,240,0.16131840266337796,1.8653224848818766,0.06309453047282941,0.0015034822911744739,infeasible
179,-1000.466820177025,COMPLETE,0.001583963005374983,18,240,0.10391939442441897,1.4931798229749633,0.13387655435085347,0.0011011828321881856,infeasible
180,3.955396434157768,COMPLETE,0.003022418909904496,17,230,0.39996263462532855,2.5691641129059946,0.006710471416843161,0.0014514498104015727,feasible
181,-1000.5350368876524,COMPLETE,0.0016085556142929913,18,250,0.10561958813867914,1.424963112347642,0.11784073097182304,0.0010055946243104907,infeasible
182,4.714757414928646,COMPLETE,0.0018090868828204692,18,220,0.16174554209356962,2.562164762131084,0.100983683656647,0.002797022444576025,feasible
183,4.416195763882398,COMPLETE,0.0023099273403986566,18,240,0.25639386152091503,2.539496699014436,0.02840631782224856,0.0021897339516669945,feasible
184,4.792453268352578,COMPLETE,0.00227731793043628,14,290,0.42080564603066445,3.979699215296927,0.013612229235556578,0.0033550772556800723,feasible
185,4.715430193875657,COMPLETE,0.002538569873412914,17,190,0.2486084072672361,2.961014791651886,0.03721016681570231,0.0029458851193904234,feasible
186,-1001.9599837951109,COMPLETE,0.00026598587381354555,16,240,4.779570887551753e-07,1.620488909762767e-05,0.9257823982533256,-1.4274681880976914e-08,infeasible
187,-1000.005568993864,COMPLETE,0.0036288161384744953,20,230,0.7090463785701856,4.507064253458485,-0.0005468993863993278,0.0010522975750089092,infeasible
188,4.315547614558492,COMPLETE,0.002148739088235662,17,190,0.1552127892875152,2.0995636289823394,0.07409525232077616,0.0018746648645605601,feasible
189,-1001.4328356195927,COMPLETE,0.0011700393825509912,15,300,0.03746472329481132,0.5271643804073085,0.20854248359587554,0.00016430276240220199,infeasible
190,-1001.2260515282329,COMPLETE,0.0013579905476101561,15,260,0.052340058271210736,0.7339484717670652,0.17201110128320118,0.0003011715584751995,infeasible
191,-1001.672920759773,COMPLETE,0.0011746400707365148,15,260,0.018273119065684896,0.2870792402270003,0.2576821247190399,4.946554100537792e-05,infeasible
192,-1001.9599709839738,COMPLETE,0.0009213998684244784,14,270,1.5034425317428878e-06,2.9016026259439184e-05,0.39708822863401,-1.3034732848637987e-08,infeasible
193,4.448041065201736,COMPLETE,0.0019707739624431025,13,290,0.2702659665460482,2.590939399089146,0.02947653416506955,0.002259351313390723,feasible
194,-1001.5763628896934,COMPLETE,0.001150537595882626,10,290,0.02738228447169797,0.38363711030652053,0.18684780963235167,8.800391527441498e-05,infeasible
195,4.402305529597761,COMPLETE,0.002528219321134638,13,280,0.4481062292981581,3.4690603966632274,0.008071212235061312,0.0023014945143129406,feasible
196,-1001.3193427990468,COMPLETE,0.0019099616927466781,17,150,0.04247303040253583,0.640657200953198,0.1711981421715204,0.00021939059468356614,infeasible
197,-1000.0112499823144,COMPLETE,0.002872066860508375,12,300,0.8603119185454967,6.122796051831686,-0.0011149982314435016,0.0004639933673060703,infeasible
198,-1000.0,COMPLETE,0.003175727934979306,12,290,,,,,invalid_nan
199,-1430.7856898848468,COMPLETE,0.003340628431191148,13,300,0.992121113004201,490.7729682937767,-0.0012621591070041517,0.008602848538306174,infeasible
200,-1000.0,COMPLETE,0.005855569776484911,12,290,,,,,invalid_nan
201,-1000.0,COMPLETE,0.007645769863296554,11,300,,,,,invalid_nan
202,-1000.0,COMPLETE,0.0053325361025978865,13,270,,,,,invalid_nan
203,-1000.8009340213947,COMPLETE,0.0020534490368981926,12,250,0.1506130860820457,1.159065978605265,0.029430634574383146,0.0005983460014836739,infeasible
204,-1000.7455314481105,COMPLETE,0.001558011212050703,13,270,0.09804703896856001,1.2144685518896001,0.09347540062167796,0.0007503734223066605,infeasible
205,-1001.0814470978603,COMPLETE,0.0024574478179150436,11,230,0.16856429046830093,0.8785529021396671,0.012510729920259025,0.00032488353719861696,infeasible
206,4.509687912862391,COMPLETE,0.0025243820691269268,14,300,0.5375752225414476,4.387728236837459,0.005693041919958229,0.0026176103885826585,feasible
207,4.39162227695541,COMPLETE,0.0023376578181895295,13,240,0.27371037410307064,2.587094655748794,0.022303456442941873,0.002161119561987279,feasible
208,4.30532977517778,COMPLETE,0.0018537305270539654,14,230,0.1597083078711839,2.077672028060229,0.0723695487564698,0.0018569349196150275,feasible
209,-1001.9597309673254,COMPLETE,0.0010435230050665054,14,300,1.787083152525237e-05,0.000269032674605976,0.2718669271854069,-2.923457165238119e-08,infeasible
210,-1001.0043114930558,COMPLETE,0.0018492095070320059,16,170,0.06133404018238156,0.9556885069442251,0.14593913022504965,0.0004742508745954055,infeasible
211,4.032735761231842,COMPLETE,0.0028432365413088023,14,230,0.34570130754673467,2.436532054020185,0.009375352713113542,0.0015489688987679884,feasible
212,-1000.0,COMPLETE,0.0049043147792946044,14,230,,,,,invalid_nan
213,4.763916790588248,COMPLETE,0.0018672699881906235,15,300,0.2877589800513663,3.101227738323905,0.03540938972912429,0.0031046771663144623,feasible
214,-1287.8848614967853,COMPLETE,0.0032924098869665254,15,300,0.9869969982109479,347.8724174105729,-0.001234408621239079,0.012204961644588397,infeasible
215,4.816997329832832,COMPLETE,0.0027600524612368406,14,290,0.673254988081903,7.425354588718258,0.0028082791749072565,0.0037132412517683067,feasible
216,-1000.0,COMPLETE,0.004601166977980027,14,300,,,,,invalid_nan
217,-1000.0064436588968,COMPLETE,0.0034369506991977607,14,250,0.8616738342620281,18.436959248974766,-0.0006343658896837073,0.003992414694396262,infeasible
218,-1001.9599992809095,COMPLETE,0.00013163814585908105,11,280,1.768065506937928e-08,7.190905271411926e-07,0.9689125998074111,-2.231432150168189e-09,infeasible
219,4.7200359979842705,COMPLETE,0.0023236972973227276,15,280,0.40175234896129036,3.72102362861923,0.013801111823710646,0.0031123481656681884,feasible
220,4.620298046550811,COMPLETE,0.0025979572613445546,14,300,0.5956374701132172,5.34839048127071,0.004361498339330254,0.002972406330000399,feasible
221,-1000.6553609494188,COMPLETE,0.0015099767199964372,14,290,0.11088985945480807,1.3046390505812882,0.09313295467361081,0.0008526299751794308,infeasible
222,4.524014976189295,COMPLETE,0.0025360630732511446,15,300,0.5463433501939853,4.508794954212298,0.005475902463988219,0.0026617626702790664,feasible
223,-1001.3271106883486,COMPLETE,0.0013344336900115354,14,290,0.049994960936394044,0.6328893116513485,0.14372231128240345,0.00022922178335194054,infeasible
224,4.7208366471432255,COMPLETE,0.0022938922042917585,14,300,0.4486014660481957,4.034858052771644,0.011298865138213904,0.0031459619645557435,feasible
225,4.396670852067426,COMPLETE,0.002554862953848967,15,280,0.4590814189460596,3.533252952815166,0.007509716662639471,0.0022963624805689697,feasible
226,-1001.3961166458879,COMPLETE,0.0012859126484401628,13,280,0.040954420309803556,0.5638833541121182,0.1654614534037339,0.00018407747139270736,infeasible
227,-1001.9599999788395,COMPLETE,0.00019548952662414747,11,300,5.473808718854897e-10,2.1160532893679604e-08,0.9310636962067035,-3.7329694890786413e-11,infeasible
228,-1000.0,COMPLETE,0.0034403798357022985,16,300,,,,,invalid_nan
229,-1000.0,COMPLETE,0.00383367951214237,14,290,,,,,invalid_nan
230,-1000.8716163626623,COMPLETE,0.0015563635673299663,16,300,0.10563436028626173,1.0883836373377578,0.08249276503585651,0.000604927144055023,infeasible
231,-1000.5474595616964,COMPLETE,0.0016726379709188991,17,300,0.14280029545930834,1.4125404383036284,0.06734629579235221,0.0009363926495281616,infeasible
232,4.671233101081601,COMPLETE,0.0023362087488045234,16,300,0.46240472995392806,4.038055520701156,0.010526647261601445,0.002999722095805235,feasible
233,-1000.6262214540744,COMPLETE,0.001601703162950752,16,300,0.1299882510466424,1.3337785459256097,0.07355447956969562,0.0008593933214088301,infeasible
234,4.279085597092043,COMPLETE,0.0017392846258486277,14,300,0.20921206686545557,2.152493376236285,0.04826184638091843,0.0018450412709158925,feasible
235,-1000.0022048772697,COMPLETE,0.002973538185088041,14,300,0.8883453330688341,29.923789887159398,-0.0002104877269760186,0.0070353398484486185,infeasible
236,5.222119757822199,COMPLETE,0.002867361014364669,15,300,0.8275484788751085,17.796678692735536,0.0006426916773968129,0.005958622390863755,feasible
237,-1000.4387127630446,COMPLETE,0.0016113056448036418,14,290,0.13697474358753622,1.5212872369554487,0.07209846493204156,0.001091909643315847,infeasible
238,4.536413258850186,COMPLETE,0.0024478006589852236,15,300,0.4987066330912026,4.07789285957153,0.007259281038477436,0.002658874774488118,feasible
239,4.8806531855558095,COMPLETE,0.002014818760014705,15,300,0.35194473588942765,3.6556517466350718,0.02407612642044214,0.0035693513568059165,feasible
240,4.7193824533856015,COMPLETE,0.002378037770486133,15,290,0.455202595773203,4.100582653829719,0.01042534162615898,0.003153977945803299,feasible
241,-1000.0,COMPLETE,0.003603527601945934,15,290,,,,,invalid_nan
242,-1435.6576368901226,COMPLETE,0.0033421716817460642,15,300,0.9922734336736502,495.6449079098747,-0.001262898024799652,0.00843419060596906,infeasible
243,-1000.0,COMPLETE,0.004448420853035295,15,280,,,,,invalid_nan
244,4.746408865431535,COMPLETE,0.002263125805902566,15,300,0.4384488748836053,4.004685308587186,0.012309181464608498,0.0032160290590326213,feasible
245,-1000.0,COMPLETE,0.0037680190762676203,15,300,,,,,invalid_nan
246,-1030.3750985831414,COMPLETE,0.003135909405010842,16,300,0.9557553433796561,90.36500960933778,-0.0009988973803642539,0.009960246120971794,infeasible
247,4.767983960469159,COMPLETE,0.002333577861277923,16,290,0.4394022100177861,4.06789912689771,0.012306142871414344,0.0032881773656587843,feasible
248,5.03344790565629,COMPLETE,0.002644277276647557,17,290,0.6222486352287818,7.070413942783667,0.004972767434211394,0.0045065021596111254,feasible
249,-1003.9923856101477,COMPLETE,0.003065762775473379,16,300,0.9372940739447657,63.98487712960691,-0.0007408480540841523,0.010078646178486639,infeasible
250,-1000.0728458219847,COMPLETE,0.0017188953173520112,16,300,0.18733557298871972,1.8871541780152017,0.0545888871989815,0.00150013217794831,infeasible
251,-1001.9599737172259,COMPLETE,0.0010162580669709751,13,300,1.7084714370206925e-06,2.6282774102060268e-05,0.2782705851303526,-9.443333004455212e-09,infeasible
252,-1001.9599666273562,COMPLETE,0.000743823864744756,16,300,1.594505227913432e-06,3.337264389433987e-05,0.5101132065361096,-3.6117217439013416e-08,infeasible
253,4.2866449906223645,COMPLETE,0.001832491053386711,17,300,0.22651443011616126,2.210345517805893,0.04552579583742491,0.001865401666220623,feasible
254,4.696075228363883,COMPLETE,0.002494411105769139,18,300,0.5352010617895332,4.777624052205539,0.006917377895752068,0.0031419136080028665,feasible
255,-1030.0689632088752,COMPLETE,0.0031353974750472666,18,300,0.955632379586233,90.05889303170073,-0.0009970177174478732,0.00996114759330946,infeasible
256,-1000.8446264617307,COMPLETE,0.0014411310766164517,15,300,0.09602029979578434,1.115373538269265,0.10640475453705969,0.0006485573457972738,infeasible
257,-1039.0167536217705,COMPLETE,0.003248200750815968,18,290,0.9633371992003382,99.00535394704869,-0.0011299674721747062,0.008160025116556335,infeasible
258,-1001.959996964618,COMPLETE,0.0008429205970436516,17,300,1.614172337729633e-07,3.035382049432339e-06,0.4365490912122939,-3.7031915312013552e-09,infeasible
259,-1440.0456488730422,COMPLETE,0.003343617461262701,17,300,0.9924142579996513,500.0329143045215,-0.0012634568520743367,0.008270469738996034,infeasible
260,4.27425788341006,COMPLETE,0.0019805648383396813,18,290,0.24587508684045148,2.2748164009770013,0.035133722204499084,0.001866329363219732,feasible
261,-1001.9599997764861,COMPLETE,0.0007186436433715628,18,300,1.0260118906630283e-08,2.2351388180814957e-07,0.5462207909219028,-3.9270364737831187e-10,infeasible
262,-1000.0089671421794,COMPLETE,0.0032472953295929648,17,280,0.9283817937058654,41.46242093155549,-0.0008867142179385766,0.005498820539586169,infeasible
263,-1001.9599964128739,COMPLETE,0.0004012763353292203,18,300,1.2241471754320795e-07,3.587126132567558e-06,0.8138844137829423,-6.985612976961875e-09,infeasible
264,-1001.0960806072572,COMPLETE,0.0016541787968419608,19,300,0.09341191950763836,0.8639193927427061,0.07406434975926768,0.0003925577991533702,infeasible
265,-1000.0085387099688,COMPLETE,0.0033918461527785884,15,260,0.896675913063045,25.834226484521675,-0.0008438709968829035,0.0043987186477156826,infeasible
266,4.565879118261609,COMPLETE,0.002406683432385063,14,300,0.48220560422031605,3.9977742059566865,0.008199727482451055,0.0027245692140555056,feasible
267,4.504986040559471,COMPLETE,0.0017697561616225963,15,300,0.2359433650182336,2.5111303860692518,0.04549986267705821,0.0023443159953320247,feasible
268,-1031.9864278201992,COMPLETE,0.0031389391892569407,14,300,0.9564752163246562,91.97625377425281,-0.0010074045946298577,0.009969927381752841,infeasible
269,-1000.0,COMPLETE,0.0050572768970024344,14,300,,,,,invalid_nan
270,-1268.1564440993463,COMPLETE,0.003286583418824073,14,300,0.9861989990979345,328.1440427951776,-0.0012301304168722417,0.012266190793307263,infeasible
271,-1000.0,COMPLETE,0.007863058452055536,14,300,,,,,invalid_nan
272,4.283197451352849,COMPLETE,0.0017867305045741024,13,300,0.22138599057331318,2.199522703244778,0.04206981146405436,0.0018663879879510237,feasible
273,4.502826250221604,COMPLETE,0.002481577970975266,15,300,0.5123532290283888,4.13024232201268,0.006546727320647214,0.0025812294254984325,feasible
274,-1000.6337763793615,COMPLETE,0.001580676990718678,13,300,0.12815727915856065,1.3262236206385183,0.07020327079320098,0.0008516522138193316,infeasible
275,4.6047933080843055,COMPLETE,0.0023442784938384944,13,300,0.4579156814389719,3.880206720579508,0.009800785057791793,0.0028112078129900464,feasible
276,-1001.9598446816282,COMPLETE,0.0006310629482794307,14,300,6.628767757437383e-06,0.0001553183718200544,0.593294297681439,-7.077459929227814e-08,infeasible
277,-1001.1864200631392,COMPLETE,0.001383907827586211,15,260,0.05616247680060342,0.7735799368608145,0.16225085247171298,0.00033185812875591303,infeasible
278,-1001.8759900496775,COMPLETE,0.001047210229503046,15,260,0.004841494218396296,0.08400995032252256,0.33384875248616036,4.292953085016649e-06,infeasible
279,-1001.9599999442624,COMPLETE,0.0005485413383788937,14,270,2.0295224718891344e-09,5.573751506882188e-08,0.698930978027207,-6.324452073158682e-11,infeasible
280,-1001.9599998833183,COMPLETE,0.0005075406808914618,15,300,4.442987214993573e-09,1.1668167549123669e-07,0.7108943159201301,-1.2244161240460016e-10,infeasible
281,-1001.9593727292719,COMPLETE,0.0009641535609636938,15,260,3.364832327319261e-05,0.000627270728149127,0.3900132630759778,-2.943516519415823e-08,infeasible
282,-1001.9599951497213,COMPLETE,0.00043361020160825105,14,300,1.69803319097133e-07,4.850278759662993e-06,0.7677148795322161,-4.136897935325123e-09,infeasible
283,-1001.9599994952806,COMPLETE,0.0008811625047063558,24,240,2.2248224905545977e-08,5.047193942973146e-07,0.5338547639791865,-1.8488099939872882e-10,infeasible
284,-1001.9599935943605,COMPLETE,1.9372063340413223e-05,14,100,1.6671645783290561e-07,6.405639442294755e-06,0.9949915008502122,-6.5278593641693305e-09,infeasible
285,-1000.0,COMPLETE,0.007281743021430271,15,250,,,,,invalid_nan
286,-1000.0,COMPLETE,0.005304644289240669,16,270,,,,,invalid_nan
287,-1000.0,COMPLETE,0.008244569429507301,16,260,,,,,invalid_nan
288,4.606078962787117,COMPLETE,0.0024205758545202865,16,300,0.4935991014355578,4.171482960961641,0.008152636198146457,0.0028407554312770422,feasible
289,4.421116521214918,COMPLETE,0.00254872492918619,15,260,0.38592676051987673,3.1445662671936545,0.010646893646650222,0.002314583406689552,feasible
290,4.485933213916975,COMPLETE,0.0024790468569170325,15,260,0.3694997299909388,3.1543631111327777,0.012622268425449588,0.0024546029471625985,feasible
291,-1001.3688824393911,COMPLETE,0.0016366945791196042,12,300,0.07631159232708057,0.591117560608884,0.05141818602301806,0.0001900343016552064,infeasible
292,-1000.9967314106967,COMPLETE,0.002493920196477416,12,300,0.3634821918265291,0.9632685893032563,0.0018483331912281448,0.00023940952636503088,infeasible
293,4.874811930111585,COMPLETE,0.0020861087360932425,15,300,0.3792437755862213,3.823429628856116,0.019920757588940907,0.003581924848530038,feasible
294,4.77918041050411,COMPLETE,0.0022833635859106074,17,300,0.4460098506029898,4.116728421923112,0.013320260847343456,0.0033127248758000327,feasible
295,4.690749865839571,COMPLETE,0.0020817589761045396,17,300,0.3507210971034165,3.307039704266959,0.02364957875973077,0.0029384582701466044,feasible
296,-1000.0,COMPLETE,0.008117321468132793,20,290,,,,,invalid_nan
297,-1100.2758514905402,COMPLETE,0.003213718887735785,17,300,0.9734861282876468,160.26419021190378,-0.0011561278636317432,0.01111909908997688,infeasible
298,4.756660118027558,COMPLETE,0.0021868098587117433,17,300,0.4016623895337272,3.740891925085153,0.017635242643613033,0.0031917758459895085,feasible
299,4.64116472101259,COMPLETE,0.002212727323130757,18,300,0.3911414159516931,3.4663976057109416,0.016869000823083284,0.0028400146544305116,feasible
300,-1000.0,COMPLETE,0.004124580785744009,18,300,,,,,invalid_nan
301,-1001.9599862876191,COMPLETE,0.0014182082540438895,21,50,5.567746710105392e-07,1.3712380869013823e-05,0.7350683871626013,-3.5741314352577547e-09,infeasible
302,5.144946603292105,COMPLETE,0.0028207535220957387,17,300,0.7942492084533059,14.164183513491436,0.0011420648212476603,0.0053861641488475165,feasible
303,-1001.5146131090585,COMPLETE,0.0014316921356265489,17,300,0.041436110860346514,0.4453868909415191,0.12028325409639887,0.00011649180454698094,infeasible
304,-1023.3951319238768,COMPLETE,0.003463497418454667,18,270,0.9655068654921193,83.38191745933243,-0.0013114464544308352,0.0050786439443034626,infeasible
305,-1000.0,COMPLETE,0.004809580523265851,19,300,,,,,invalid_nan
306,-1063.6217413187508,COMPLETE,0.003303510349420875,19,290,0.973243200778217,123.60952312466654,-0.001211819408415214,0.00674230915296925,infeasible
307,-1001.5457852767404,COMPLETE,0.0015987537245617744,21,290,0.04061009885693619,0.41421472325966757,0.09576457743695893,0.00010058351742980864,infeasible
308,4.928154145291072,COMPLETE,0.002412492213041049,19,290,0.4782047389164331,4.751715930664629,0.01120939855163966,0.003892455184825616,feasible
309,-1001.9599894718494,COMPLETE,0.000815626286346741,21,300,5.21146105909886e-07,1.0528150586965443e-05,0.48314970265910917,-1.239923319573677e-08,infeasible
310,-1001.9598866376814,COMPLETE,0.0012423569090528389,20,300,8.89517090920072e-06,0.00011336231855950338,0.20238380838549153,-6.037973721007006e-08,infeasible
311,-1001.9599615393086,COMPLETE,0.0012813698634887005,18,290,3.0407175535543873e-06,3.846069144313735e-05,0.18437344085527974,-2.3200363408193425e-08,infeasible
312,-1001.1801020358305,COMPLETE,0.0015966787606329369,18,300,0.08081772118725486,0.7798979641695467,0.08222742653814107,0.0003285406814169667,infeasible
313,-1001.1408673627258,COMPLETE,0.0016223535380676516,18,300,0.08676542949837175,0.8191326372742201,0.0772740722720164,0.00035775300213036765,infeasible
314,-1001.9599998899808,COMPLETE,0.0008878839679187378,19,290,5.649676851469484e-09,1.1001909646233657e-07,0.4300962126906597,-8.384493099811152e-11,infeasible
315,-1001.9599999060333,COMPLETE,1.5629211725448814e-05,25,200,2.331180568795317e-09,9.39667304795639e-08,0.9977548093348105,-7.079159480838371e-11,infeasible
316,-1001.959949667018,COMPLETE,0.001371833895559659,19,300,4.601077918083409e-06,5.033298193932798e-05,0.1461473932983817,-5.090785792916108e-09,infeasible
317,-1001.673638812878,COMPLETE,0.0014691205683973446,19,300,0.02788451705675624,0.2863611871219585,0.11621141669351753,4.9547154386986314e-05,infeasible
318,-1001.9599995905867,COMPLETE,1.6187676351287676e-05,22,110,1.1156154556147407e-08,4.09413267544264e-07,0.9955829931547628,-5.030109662129689e-10,infeasible
319,4.151109879018292,COMPLETE,0.002014263329256278,17,270,0.21469098254595273,2.0547990273193673,0.03866778744590634,0.0016305880227142078,feasible
320,-1000.0043620699669,COMPLETE,0.003007131358097272,18,300,0.9075199161866787,38.175711633760194,-0.0004262069966907414,0.007859436939265607,infeasible
321,-1000.0,COMPLETE,0.004309611510693552,18,280,,,,,invalid_nan
322,-1000.0,COMPLETE,0.005983402627839653,18,300,,,,,invalid_nan
323,-1001.9599999842263,COMPLETE,0.0009891496920355744,10,70,5.49954309369447e-10,1.577370791184905e-08,0.7699080251976943,-3.815214810742873e-11,infeasible
324,-1000.0,COMPLETE,0.005742216633356981,18,300,,,,,invalid_nan
325,-1041.5123485547422,COMPLETE,0.003502816487376443,17,270,0.973078998457274,101.49866181480407,-0.0013586739938071688,0.004559331969632652,infeasible
326,-1001.3765960304355,COMPLETE,0.001530821436375421,16,270,0.0505023592983162,0.5834039695645445,0.11037068865475129,0.00019235678707207882,infeasible
327,-1001.5741771166477,COMPLETE,0.0015730012786370454,17,270,0.03560321476071417,0.38582288335234144,0.10695149908097465,8.686206185937184e-05,infeasible
328,-1001.9598765748498,COMPLETE,0.0010374571747245028,16,300,8.05687878897485e-06,0.00012342515023052963,0.2888103567370608,-7.997153805838764e-08,infeasible
329,-1001.9583047377779,COMPLETE,0.001406570446153158,17,270,0.0001419885308164609,0.0016952622220851293,0.15457006997696912,-7.890285425027344e-08,infeasible
330,-1000.9342561917526,COMPLETE,0.0015459883958449337,17,300,0.0972961165925983,1.0257438082474022,0.09151614959569564,0.0005477736583142656,infeasible
331,-1001.9595837750396,COMPLETE,6.724658241224313e-05,22,170,1.0981656242933823e-05,0.0004162249604065816,0.994523152715088,-1.1662780829979624e-07,infeasible
332,4.761923246340309,COMPLETE,0.002175068170950577,16,280,0.34973905690132795,3.4601896367718306,0.021050347019792647,0.003181057875497273,feasible
333,-1000.0,COMPLETE,0.009138636024457624,10,100,,,,,invalid_nan
334,-1001.9599986066662,COMPLETE,0.0031002705621441494,25,100,1.2931860658181647e-07,1.3933337734514117e-06,0.08665572373389636,-1.9292045738694696e-09,infeasible
335,-1334.3669686467938,COMPLETE,0.0033055516053796777,17,300,0.9886591335703556,394.3544320582249,-0.0012436588568909928,0.011849002898387861,infeasible
336,4.643947516341095,COMPLETE,0.002693669644370744,16,270,0.5055368375214889,4.426313727181133,0.006319714817206935,0.002992061962628134,feasible
337,4.316759670181551,COMPLETE,0.002616734316443644,15,260,0.3976460483181169,3.048302806846444,0.00901086571378735,0.0020935552578590366,feasible
338,-1001.9599999402692,COMPLETE,2.7194321078451164e-05,23,150,1.599727421077525e-09,5.973081236593904e-08,0.9965382836632491,-8.76023698026529e-11,infeasible
339,4.1567666310331965,COMPLETE,0.0022409966495505426,15,260,0.26053357786230785,2.231151185630426,0.021821099386829763,0.0016904171751420671,feasible
340,-1001.3455468803006,COMPLETE,0.0014714830838380387,16,300,0.05920772790077225,0.6144531196993616,0.10213956865977226,0.0002133050780706025,infeasible
341,-1001.9599995645397,COMPLETE,1.6955787592765538e-05,25,230,1.1330480556647848e-08,4.3546034013245396e-07,0.9979734472505475,-6.024403198523487e-10,infeasible
342,-1000.0,COMPLETE,0.00840629677367081,16,300,,,,,invalid_nan
343,4.8416869193443395,COMPLETE,0.0023256218467969754,23,220,0.2517112855290996,3.1305462596417186,0.0418937026462923,0.0033348252188143412,feasible
344,-1001.7589717076606,COMPLETE,0.00341561407681017,24,200,0.06285616768954713,0.2010282923393148,0.007569164553766744,2.141323147164531e-05,infeasible
345,-1001.9599999877244,COMPLETE,0.00040877441331563046,14,20,3.286555722725008e-10,1.2275606306805419e-08,0.9437190033983626,-1.8285373215576328e-11,infeasible
346,-1000.8483642160819,COMPLETE,0.0020873125549262447,24,250,0.1158265562843874,1.1116357839180777,0.049630744714342756,0.000600291650207363,infeasible
347,3.8107485803058663,COMPLETE,0.00290083114211284,22,250,0.3871160970069123,2.311405170060042,0.006513991101562995,0.0012448244230290895,feasible
348,-1001.5532426230499,COMPLETE,0.0014133719788194594,16,300,0.03810097949283064,0.40675737695018055,0.117950853776588,9.77638186963059e-05,infeasible
349,4.757612138993912,COMPLETE,0.0022681655153682064,16,300,0.4428443040495616,4.054141426713624,0.012791807341076872,0.003246831404829953,feasible
350,-1000.7459215922089,COMPLETE,0.001787560579798782,22,240,0.09521623411170782,1.2140784077910463,0.09717399336486202,0.0007439732273950561,infeasible
351,-1000.0,COMPLETE,0.004492996690764674,25,300,,,,,invalid_nan
352,-1001.6487799486896,COMPLETE,0.0013649599515939018,16,300,0.028035072963793296,0.3112200513104013,0.1328446770999537,5.837397340158201e-05,infeasible
353,-1001.8328970073812,COMPLETE,0.0012928169608818632,16,300,0.01088134112627362,0.12710299261878544,0.15851790855509035,1.0021472828358746e-05,infeasible
354,-1165.0456285666767,COMPLETE,0.0032495728329000125,16,300,0.9803283702298992,225.03353419189463,-0.0011994374781966056,0.011931690036529052,infeasible
355,-1000.0,COMPLETE,0.004685858733645444,16,300,,,,,invalid_nan
356,-1000.0,COMPLETE,0.005187692459517916,15,260,,,,,invalid_nan
357,-1001.959999960778,COMPLETE,0.00041168906734471874,24,100,1.2556540258367916e-09,3.922208145111886e-08,0.9434089126682943,-4.736744330102738e-11,infeasible
358,3.979011993852802,COMPLETE,0.0028235978893407193,16,260,0.4436402354520643,2.797224939729914,0.005339158988406971,0.001506116572825511,feasible
359,4.256122106086701,COMPLETE,0.0030325529329019124,16,260,0.6055199796597768,4.662545260068042,0.0023258039860024433,0.002102156401237343,feasible
360,-1001.9599971198418,COMPLETE,0.0009250454549244233,13,240,1.4046876739203868e-07,2.880158278639343e-06,0.432623727514166,-8.033607112878371e-10,infeasible
361,-1001.9599998298295,COMPLETE,0.000832146777106774,16,270,8.129761391380719e-09,1.701705306298504e-07,0.4796753537907738,-1.3390577535687953e-10,infeasible
362,-1001.9599965181367,COMPLETE,1.3809632135490323e-05,16,200,8.119739171307016e-08,3.4818633013475595e-06,0.9977709877585281,-9.77854242023568e-10,infeasible
363,-1001.9599999504205,COMPLETE,0.0005480140385722919,17,250,1.804239063565112e-09,4.957944516524883e-08,0.7387595685551892,-5.608513653498903e-11,infeasible
364,-1080.985309877757,COMPLETE,0.0031992074630757374,16,300,0.9703730356170909,140.97386571050754,-0.0011344167249382805,0.010770905632447536,infeasible
365,-1001.9598079359431,COMPLETE,1.5218119748751594e-05,15,190,4.833147725277201e-06,0.00019206405695247982,0.9975907777952653,-6.529096951979341e-08,infeasible
366,-1000.283031198957,COMPLETE,0.0019138269786409701,14,260,0.1664694160067862,1.676968801042977,0.04626388937118161,0.0012137419912785496,infeasible
367,-1000.8075001627619,COMPLETE,0.00168853917990378,16,260,0.10253484873452128,1.1524998372381277,0.08291212791405371,0.0006659653338402238,infeasible
368,-1001.9599986364286,COMPLETE,1.4414369606165885e-05,10,300,2.9153535997594938e-08,1.3635713858402728e-06,0.9982421464685717,-1.0373599756974272e-09,infeasible
369,-1000.0063706633663,COMPLETE,0.0030426401746732235,16,300,0.9267647245759718,52.23018607272979,-0.0006270663366261252,0.00918353428419083,infeasible
370,-1001.9599997833137,COMPLETE,0.005357455062767551,18,20,1.0661972084767958e-08,2.1668633469223887e-07,0.14423735775981752,-2.991333847290889e-10,infeasible
371,-1000.0,COMPLETE,0.00347951142136906,16,300,,,,,invalid_nan
372,-1001.4051530170777,COMPLETE,0.0011842288262418812,15,300,0.03985465379614085,0.554846982922274,0.20152892902924754,0.0001811118599959194,infeasible
373,-1388.0490182902233,COMPLETE,0.003767210924262846,13,260,0.9969995180011443,448.0337704172983,-0.0015147872924998267,0.0008788027336154025,infeasible
374,4.3143761869893265,COMPLETE,0.002618583577918122,15,260,0.39803958214785334,3.0468411955469503,0.008969972326576583,0.0020888286495056585,feasible
375,-1001.9598788256477,COMPLETE,0.0010180926725440191,24,200,5.354201441200963e-06,0.00012117435228482847,0.5109509532255758,-5.217952159242145e-08,infeasible
376,-1001.5232532261377,COMPLETE,0.00112653829128192,15,300,0.03004942681739053,0.43674677386225375,0.23121191721230103,0.00011445965197642849,infeasible
377,4.392806148084448,COMPLETE,0.0024102873014917965,19,260,0.3168647208075334,2.7454855622237213,0.0177664552649944,0.002189194634047986,feasible
378,4.367510371559951,COMPLETE,0.0020952894621203886,17,270,0.25542863960571316,2.4416152251312617,0.03188239271240603,0.0020686289172887617,feasible
379,4.671996684424918,COMPLETE,0.0024418070209393486,19,270,0.3832871638486343,3.5252424987692823,0.014161239278531636,0.002958363070120762,feasible
380,-1000.2657122839151,COMPLETE,2.5579423604829863e-05,12,210,0.037769061365586665,1.6942877160848986,0.9972792808251975,0.001599710377787833,infeasible
381,-1001.9086564876791,COMPLETE,1.051869325643321e-05,15,170,0.0013198740066662743,0.0513435123209124,0.9973749779243432,1.5354594219418871e-06,infeasible
382,-1000.0,COMPLETE,0.005206188950643555,19,270,,,,,invalid_nan
383,-1000.0117494663336,COMPLETE,0.0033948309169075275,19,270,0.9460692137842254,54.664843772154725,-0.001164946633366752,0.005375914584812236,infeasible
384,-1000.0,COMPLETE,0.003783736140919442,20,280,,,,,invalid_nan
385,-1000.0066250510152,COMPLETE,0.003048084836064771,21,300,0.9294716797638325,54.863370405790064,-0.0006525051015282162,0.009422019684856897,infeasible
386,-1000.0,COMPLETE,0.0039302943437279905,21,290,,,,,invalid_nan
387,-1001.6165859310966,COMPLETE,0.0015938165182094839,20,260,0.029073059839219755,0.34341406890340853,0.1210823039012846,6.935248296902063e-05,infeasible
388,-1001.9599994082139,COMPLETE,0.0010778838694637286,18,270,3.565116129172546e-08,5.917860663244274e-07,0.3187741657061951,-3.303997075931875e-10,infeasible
389,-1001.9599924458273,COMPLETE,0.00019547969275664746,16,90,2.1557448514837368e-07,7.554172653082926e-06,0.9818599325295527,-3.167270001824818e-09,infeasible
390,-1000.0,COMPLETE,0.009146422713902083,14,280,,,,,invalid_nan
391,-1001.9599999879645,COMPLETE,0.0006883745331133256,15,90,4.0376492955314597e-10,1.2035481537098711e-08,0.8579327945140778,-1.4728662733887177e-11,infeasible
392,-1000.0,COMPLETE,0.00788843520845755,14,300,,,,,invalid_nan
393,4.320987926918677,COMPLETE,0.0017117130831117461,15,300,0.20620547959571295,2.1863307417501288,0.05287014611080204,0.0019189969422397368,feasible
394,-1001.3626626400288,COMPLETE,0.0013302620870000866,13,260,0.04146797136473732,0.5973373599711376,0.17040418619631356,0.00020388859310527252,infeasible
395,-1001.0223596818863,COMPLETE,0.0013928243156632542,14,260,0.06643361764985473,0.9376403181136554,0.15414831236903567,0.00047655414439295996,infeasible
396,-1000.0,COMPLETE,0.005881915583093162,17,250,,,,,invalid_nan
397,4.018377473417235,COMPLETE,0.002149099804501512,14,260,0.22581865312508498,1.9696785223806117,0.02676957673170516,0.0014436406945667057,feasible
398,4.653601231037415,COMPLETE,0.0020208252545390803,17,300,0.32401641760419664,3.1025529294947423,0.027924722119556742,0.0028041187203529105,feasible
399,4.093904038112812,COMPLETE,0.002720278903773118,15,260,0.41138345378746133,2.7921346938437486,0.006963333517494224,0.0016782890608629808,feasible
400,-1000.0,COMPLETE,0.004006044553100724,17,270,,,,,invalid_nan
401,-1015.2795291282404,COMPLETE,0.0030883249984260453,17,300,0.9452381266375546,75.27103973971928,-0.0008389388521111028,0.010620776240721441,infeasible
402,-1000.1266169528277,COMPLETE,0.0018785625200382196,18,300,0.2081174929125858,1.8333830471723471,0.04145399142958191,0.0013461680803591447,infeasible
403,4.283088381444018,COMPLETE,0.002667892670092074,17,260,0.40624879548377013,3.0364744930813488,0.008995600983666642,0.002021127983541704,feasible
404,-1001.9599141508912,COMPLETE,0.0007799469132427049,17,260,3.873611854897255e-06,8.584910878241935e-05,0.5432849822538796,-8.631066639175344e-08,infeasible
405,-1001.9599965761178,COMPLETE,0.0006980176736120599,16,270,1.449325694795968e-07,3.423882244817006e-06,0.588153730462282,-2.4064870096651703e-09,infeasible
406,-1001.9599986605722,COMPLETE,0.0007211800928062809,18,260,5.7617065097122124e-08,1.3394278415374093e-06,0.5963933392099903,-1.0007592532446097e-09,infeasible
407,-1001.9598427956959,COMPLETE,0.000936305959529572,16,260,8.157740868930559e-06,0.00015720430413886018,0.41658629452947266,-5.5704880042029004e-08,infeasible
408,-1001.9599993939095,COMPLETE,0.0007716463133797439,16,270,2.7392718001423858e-08,6.060905034762072e-07,0.527934545289725,-4.599329805898833e-10,infeasible
409,4.552338262988846,COMPLETE,0.002431733386578032,14,300,0.4927603768248187,4.059975688721292,0.007611907962239853,0.002696659470017404,feasible
410,-1001.9599996103191,COMPLETE,0.0008756961769012675,13,300,2.1797594095792548e-08,3.896809766325142e-07,0.37649556250251853,-2.476365779102707e-10,infeasible
411,-1000.0,COMPLETE,0.0036208258552771146,15,300,,,,,invalid_nan
412,-1000.3303395226949,COMPLETE,0.0015881037084465484,15,300,0.15010384733079613,1.629660477305144,0.07288151815447975,0.001223159264501894,infeasible
413,-1001.959995699704,COMPLETE,0.0006808446629262386,12,300,1.872663620313932e-07,4.30029602854401e-06,0.5230195832150963,-2.9164419768079597e-09,infeasible
414,4.909464532579354,COMPLETE,0.0020243465613465537,14,300,0.3593765260677827,3.7572653534658977,0.023363725242137524,0.003681875832373671,feasible
415,4.633624134061248,COMPLETE,0.0023429202521892513,15,300,0.46043564356289834,3.953793951954428,0.009865096958485404,0.002895171698454102,feasible
416,-1000.0,COMPLETE,0.00964371076217044,22,240,,,,,invalid_nan
417,4.742555550083995,COMPLETE,0.0019537935813245975,16,300,0.31672830854618417,3.2096263797767537,0.030026374087083307,0.0030624957996520097,feasible
418,-1000.0052871144597,COMPLETE,0.0030228187252419464,18,300,0.916547187930984,43.90702690869162,-0.0005187114459783578,0.008453902214600628,infeasible
419,4.499685119216681,COMPLETE,0.0025129737480951045,13,300,0.529631564293947,4.288666810352527,0.005909389360245633,0.0025859002161205957,feasible
420,-1000.7308409739547,COMPLETE,0.0003146488919585047,12,200,0.032443677089994453,1.2291590260452605,0.9072351440251023,0.0008466525006891601,infeasible
421,-1000.014893456521,COMPLETE,0.003643740040858856,14,260,0.965089798120103,33.95565018593021,-0.001479345652096624,0.0008599703765759248,infeasible
422,-1001.3761240736353,COMPLETE,0.0030640222111240935,11,260,0.4324347129906938,0.5918118013200294,-0.0007835874955282739,7.004082266770517e-05,infeasible
423,-1000.0,COMPLETE,0.003657554896077508,12,270,,,,,invalid_nan
424,-1000.0,COMPLETE,0.004047913169116328,13,270,,,,,invalid_nan
425,-1000.0,COMPLETE,0.0037978778353002533,11,260,,,,,invalid_nan
426,-1001.9599767523549,COMPLETE,0.0008624087671818551,25,20,6.853005005385128e-07,2.3247645084779013e-05,0.9101611667294891,-8.365601722459814e-08,infeasible
427,-1001.9599987803738,COMPLETE,0.0008230103301595504,15,300,6.412566139054547e-08,1.2196262541510885e-06,0.43727912197917673,-3.5340175230658133e-10,infeasible
428,-1001.9599881168558,COMPLETE,0.0007384168535510551,14,300,5.653662523806021e-07,1.1883144139199784e-05,0.4991158157230784,-6.614381931058233e-09,infeasible
429,4.629222012978598,COMPLETE,0.0026036674374147143,14,300,0.6003071592288319,5.438853141688545,0.004263977524677509,0.0030030938077061364,feasible
430,-1000.9839733042961,COMPLETE,0.0015373970576610435,16,300,0.09471460171156229,0.9760266957038657,0.08655055908709947,0.0004984786602828528,infeasible
431,-1001.5806067887883,COMPLETE,0.0017199685092209494,10,160,0.025772970255047784,0.3793932112117466,0.16650782802889583,7.973097058722178e-05,infeasible
432,-1001.9599940750746,COMPLETE,0.0007330234660049474,17,300,2.817959648840167e-07,5.924925367663874e-06,0.5268964801609921,-7.683168989913725e-09,infeasible
433,-1001.9599029008884,COMPLETE,0.0011631774555754854,16,300,7.314900477690966e-06,9.70991115779208e-05,0.2168640619412477,-2.4778832319327648e-08,infeasible
434,-1001.9599991757044,COMPLETE,0.0010944882697497959,16,300,5.7425333722381e-08,8.242956343485537e-07,0.25437436098356947,-3.8998115847732606e-10,infeasible
435,4.245548376792966,COMPLETE,0.0018789852499742532,15,250,0.1781611818037744,2.0580647402959187,0.05684386849082709,0.001765767811306329,feasible
436,-1001.9599967836382,COMPLETE,0.0008294769771298452,17,300,1.6861696520809142e-07,3.2163618605043242e-06,0.4472496386715015,-3.9650285277303965e-09,infeasible
437,-1000.1494402295175,COMPLETE,0.0017350569510792004,15,250,0.14520147029641675,1.810559770482465,0.07937090712156294,0.001479196318863285,infeasible
438,-1000.0,COMPLETE,0.005515925902830313,16,300,,,,,invalid_nan
439,-1000.0143041556095,COMPLETE,0.0035829807306239224,16,260,0.953835067708153,37.228767451289144,-0.0014204155609466064,0.0018163414350880203,infeasible
440,-1000.0,COMPLETE,0.004976919763481286,16,280,,,,,invalid_nan
441,-1088.447663801704,COMPLETE,0.003205247192867726,16,300,0.9716736745670286,148.43612557544054,-0.0011438226263396367,0.010901982764123685,infeasible
442,-1000.0,COMPLETE,0.006655656826711656,16,300,,,,,invalid_nan
443,-1056.6143535397605,COMPLETE,0.0035552010737776043,16,270,0.9796124569789497,116.60035531134885,-0.0013898228411586193,0.0034288592960394215,infeasible
444,-1000.0,COMPLETE,0.004237243012359894,17,260,,,,,invalid_nan
445,5.144961169676881,COMPLETE,0.002822277482516823,14,300,0.795266429394419,14.255330330710702,0.0011166045728339651,0.005391427827756257,feasible
446,-1000.0,COMPLETE,0.0034972145543062274,14,300,,,,,invalid_nan
447,-1001.9595882884882,COMPLETE,3.0498513060377046e-05,19,220,1.0199151640882212e-05,0.00041171151176532574,0.9972301268094201,-1.2772364343938136e-07,infeasible
448,-1000.1597737908198,COMPLETE,0.0017154546592640684,13,300,0.18232531303801122,1.8002262091802141,0.050139403832202174,0.0013796037365559899,infeasible
449,-1001.5361039382619,COMPLETE,0.0023892308162922113,24,180,0.04483547970745901,0.42389606173811484,0.0655813049594232,9.767115404379911e-05,infeasible
450,-1000.6413145918834,COMPLETE,0.001627905779059338,23,200,0.07612733631153491,1.318685408116562,0.1882219939836702,0.0008937177017345199,infeasible
451,-1001.3082337106109,COMPLETE,0.001647257201104773,12,290,0.07735685376211558,0.6517662893890308,0.05445439341614411,0.0002290624548724196,infeasible
452,-1000.9631261609744,COMPLETE,0.002505340466907701,12,300,0.3754444608409907,0.9968738390256148,0.0016877361319093947,0.00024686350638936094,infeasible
453,-1267.1305300935303,COMPLETE,0.0032862412720315692,13,300,0.9861512482628191,327.11813207321416,-0.0012298020316080516,0.012268542694529594,infeasible
454,-1001.8913369187087,COMPLETE,0.0010435161467133556,13,260,0.0038202913468045846,0.06866308129124414,0.318530126491873,2.787980470930762e-06,infeasible
455,-1000.0,COMPLETE,0.0060857972418304485,13,300,,,,,invalid_nan
456,-1000.76305981205,COMPLETE,0.0014877771023746648,14,260,0.08900212416469604,1.1969401879500183,0.12413692976957866,0.0007393222884598538,infeasible
457,-1000.3705966847809,COMPLETE,0.0018480522295968645,14,260,0.15098869680202687,1.589403315219086,0.053836150964700374,0.0011313303338145175,infeasible
458,-1001.8804202327899,COMPLETE,0.000986916860393479,12,250,0.004178790825378994,0.07957976721012341,0.3564615653088571,3.7692926796450976e-06,infeasible
459,-1000.0079625609469,COMPLETE,0.0033796692337363502,14,260,0.88969622891784,23.916190036777007,-0.0007862560946919429,0.004295651711695214,infeasible
460,4.533207321911868,COMPLETE,0.001777690681881302,15,300,0.24056036102378658,2.5652033357031305,0.04457887907542736,0.0024167105880100737,feasible
461,-1000.0,COMPLETE,0.004499866026802767,14,260,,,,,invalid_nan
462,-1001.6728169830028,COMPLETE,1.9120023756311232e-05,20,210,0.0069590851252033185,0.28718301699722826,0.9977123202641762,4.9159382141450436e-05,infeasible
463,4.743631370568088,COMPLETE,0.0022659406341435564,15,300,0.4392989177898758,4.005797940364543,0.012213952694509062,0.0032081018832668118,feasible
464,4.641810596037217,COMPLETE,0.0023380677311472574,14,300,0.4591519028814689,3.9611336533356996,0.009992979508157676,0.0029178453320575226,feasible
465,-1001.0258621577359,COMPLETE,0.0014114297103032928,14,290,0.07627192746645041,0.9341378422640835,0.11900420089510699,0.00047198459476882615,infeasible
466,-1001.4332216792657,COMPLETE,0.0013740892355227077,16,250,0.03728093264729555,0.5267783207342785,0.18145281442732697,0.0001592459676523772,infeasible
467,-1000.0,COMPLETE,0.009885523551617396,14,230,,,,,invalid_nan
468,4.276578383644897,COMPLETE,0.0019815223287486736,15,270,0.22359039411755083,2.227516554785484,0.03573274582067377,0.0018693300549714742,feasible
469,-1001.2968378847434,COMPLETE,0.0012720203505273552,14,300,0.05142177573848965,0.6631621152566173,0.15757643846936192,0.00025239114641018023,infeasible
470,4.812841294664671,COMPLETE,0.0021990144951758977,15,300,0.4193188436196619,3.989743270297166,0.01469928924076475,0.003412781753573735,feasible
471,-1001.3771599484954,COMPLETE,0.0012452379500710767,14,300,0.044434848745742966,0.5828400515045838,0.16836309788251305,0.00019784897984920224,infeasible
472,-1042.4952989257858,COMPLETE,0.006095522289787006,16,140,0.9785533489636961,102.46240399528938,-0.0032794930496551867,0.002720194932405162,infeasible
473,-1000.0183727754769,COMPLETE,0.005107811217928156,16,150,0.652709469808916,3.5778771783231065,-0.0018272775476957644,0.0008991750654456787,infeasible
474,-1000.0,COMPLETE,0.005316290677414117,14,300,,,,,invalid_nan
475,-1000.0,COMPLETE,0.003787194922413973,14,300,,,,,invalid_nan
476,-1092.4688570915675,COMPLETE,0.003208181712661802,15,300,0.9723091449419445,152.45727502612854,-0.0011482065438912776,0.010976007065142124,infeasible
477,-1000.0036511407357,COMPLETE,0.0029953841544599897,15,300,0.9005182261088814,34.623508979469946,-0.00035511407356089334,0.007473295873033137,infeasible
478,-1000.0,COMPLETE,0.003554140940280591,15,300,,,,,invalid_nan
479,4.570467297408378,COMPLETE,0.0018761561669447323,16,300,0.27202905907415753,2.741299468028946,0.03668084455284867,0.0025373187900213923,feasible
480,-1001.9599999665194,COMPLETE,0.00015423074044577662,15,300,9.241149596801555e-10,3.348065250322861e-08,0.9623366661658779,-5.373457234725265e-11,infeasible
481,4.723451099788698,COMPLETE,0.0022626031122682405,16,270,0.3483019324112087,3.40297951567056,0.019196439426699807,0.003071922094084134,feasible
482,-1001.7651357269249,COMPLETE,0.0011360060248761118,15,260,0.012082376926443823,0.19486427307515933,0.2794109718369309,2.2998943333463195e-05,infeasible
483,-1001.9599992921054,COMPLETE,6.37286965762819e-05,13,20,1.8858451918924118e-08,7.07894588071292e-07,0.9551070945182202,-8.090199621335614e-10,infeasible
484,4.056125632640582,COMPLETE,0.0021688552669191404,15,260,0.23371217914857767,2.032169087181158,0.025683105519527884,0.0015062353408152873,feasible
485,-1000.601868216844,COMPLETE,0.0016603271537179549,15,260,0.11427479281033981,1.3581317831560762,0.08590131001643121,0.0008999656795506406,infeasible
486,4.050570016411648,COMPLETE,0.0021884058173261105,16,260,0.23833138809335958,2.0381113532936204,0.025527979781317656,0.0014978090093907825,feasible
487,-1000.0,COMPLETE,0.006060349397522359,16,260,,,,,invalid_nan
488,-1001.9564722614232,COMPLETE,0.001061107253249755,14,300,0.00023886798835135494,0.003527738576809307,0.2613262031832228,-5.004898695482041e-08,infeasible
489,-1001.1588578294001,COMPLETE,0.001308525809455838,15,300,0.06308127790932727,0.8011421705999461,0.1483719867011858,0.0003594060282833267,infeasible
490,4.868159719922868,COMPLETE,0.002683889393716748,17,300,0.6783005412174613,7.693950197489366,0.003057140280704343,0.0038958970209114208,feasible
491,-1000.0071208343333,COMPLETE,0.0030576773269751327,16,300,0.9339098175520727,59.821036506197316,-0.000702083433320823,0.009794648381641569,infeasible
492,-1001.5781145790611,COMPLETE,0.0015720008882557043,17,270,0.035229097962820255,0.3818854209388788,0.10719119354695582,8.516500897326473e-05,infeasible
493,-1001.4389682774448,COMPLETE,0.0015954380318860138,17,260,0.04643175443132592,0.5210317225551673,0.10994197882795916,0.0001539142636163282,infeasible
494,4.471806834285018,COMPLETE,0.001906434179393911,17,300,0.26584463700487937,2.5786994644704726,0.03780855617688417,0.0022863260007820463,feasible
495,4.716261380871918,COMPLETE,0.0025659412726192934,18,300,0.5820636366500718,5.404531208571994,0.005288664235834648,0.0032498903884716768,feasible
496,-1000.0061924939351,COMPLETE,0.0030393654366821245,18,300,0.9251155469621677,50.68332164179338,-0.0006092493935112296,0.009056133392822852,infeasible
497,-1000.0,COMPLETE,0.007400643500807224,17,300,,,,,invalid_nan
498,4.801629682660935,COMPLETE,0.00263205165082454,17,300,0.6376268001138848,6.5615426577552345,0.003939682876070373,0.003597087999856363,feasible
499,-1000.0,COMPLETE,0.004171673324792356,18,300,,,,,invalid_nan
