number,value,state,params_lambda,params_n_lags,params_window_size,user_attrs_kappa,user_attrs_kappa_tstat,user_attrs_r2_stage1,user_attrs_r2_stage2
0,-2.180994940204073e-09,COMPLETE,0.0015244386293093984,4,140,1.3032493168157794e-07,2.1850495894584617e-06,0.1991653851020671,-2.180994940204073e-09
1,-5.354801269064069e-08,COMPLETE,0.00037730376399260323,19,230,2.343668530162572e-06,7.628120528759446e-05,0.8771555739644673,-5.354801269064069e-08
2,-1.704536511937249e-09,COMPLETE,0.003163567379362874,12,160,1.583748485908061e-06,7.547170322627296e-06,0.014107006448143111,-1.704536511937249e-09
3,0.0006257024969459346,COMPLETE,0.002138413627601193,7,370,0.46020210162119585,1.801130839599514,0.0012610430518539095,0.0006257024969459346
4,0.0001020739675634541,COMPLETE,0.00013495060837000533,19,160,0.011075397843821675,0.42155771730648045,0.9858704575503547,0.0001020739675634541
5,0.00033132317291062474,COMPLETE,0.0036017657298854575,23,200,0.2824475933312143,1.0331813601651711,0.0034421953033509822,0.00033132317291062474
6,-2.9084956665315076e-11,COMPLETE,5.131662120184541e-05,15,260,3.9325444264747095e-10,1.5861135906569674e-08,0.9949217731942394,-2.9084956665315076e-11
7,-1.941076033240563e-08,COMPLETE,0.00024139280063314574,9,290,2.1642294856962624e-07,8.20010922522302e-06,0.8931325307553187,-1.941076033240563e-08
8,-1.761625822993551e-08,COMPLETE,0.007321624437635286,10,50,2.4318299809572303e-06,1.42157875189117e-05,0.0014262579795631162,-1.761625822993551e-08
9,-4.096391892360884e-09,COMPLETE,0.00043771829195773406,23,40,4.31627972795749e-07,1.2782167920248096e-05,0.9607193323496714,-4.096391892360884e-09
10,-3.6935439151619676e-09,COMPLETE,2.4335470586631643e-05,5,160,4.8844252415126055e-08,2.4339900662846057e-06,0.9963743467316518,-3.6935439151619676e-09
11,5.8276792741174255e-05,COMPLETE,0.0006953525250816728,14,30,0.010772727429276732,0.330717887431581,0.9273695013123802,5.8276792741174255e-05
12,0.00011227774352040587,COMPLETE,0.0015865798384680496,10,220,0.035951398887540245,0.4467600636458945,0.11399126091486783,0.00011227774352040587
13,-3.7940983688145025e-11,COMPLETE,0.006123923122699619,24,20,5.564547609077498e-10,1.0826998710450527e-08,0.09590942401077876,-3.7940983688145025e-11
14,-3.0880181522974226e-08,COMPLETE,0.00010525210390401374,12,270,4.869496584453012e-06,0.00019479243148721637,0.9809527312564092,-3.0880181522974226e-08
15,0.00013654781179128772,COMPLETE,1.1948727858523273e-05,13,190,0.011635379586655227,0.48420691809812055,0.9976635816181423,0.00013654781179128772
16,3.8455451993879564e-05,COMPLETE,0.0010382566042086063,23,340,0.016077285296119063,0.24564143016085374,0.2762494054148933,3.8455451993879564e-05
17,0.00038233279001909093,COMPLETE,0.0003464391184258759,1,30,0.017323835591228375,0.8558822768782763,0.9397678036527178,0.00038233279001909093
18,-3.379636615008508e-08,COMPLETE,1.4033109828958161e-05,3,250,5.423008832439749e-07,3.943257244804052e-05,0.9970393265001338,-3.379636615008508e-08
19,0.000914687697125327,COMPLETE,0.0001586751430507608,21,10,0.028880755059691964,1.3388905732621572,0.8813135997478383,0.000914687697125327
20,-7.415690284062748e-11,COMPLETE,0.0004489648566377331,15,70,2.150199738115558e-09,6.61017480566684e-08,0.9450637910515182,-7.415690284062748e-11
21,-6.813810782269059e-08,COMPLETE,1.600706092747805e-05,24,130,2.4757667011647067e-06,9.126357994676086e-05,0.996278975464701,-6.813810782269059e-08
22,-3.8316658734771636e-09,COMPLETE,1.58077768677844e-05,20,340,4.0983537863589737e-07,1.6182521564238083e-05,0.9984041663507003,-3.8316658734771636e-09
23,-1.379141245649862e-11,COMPLETE,0.006393791827281557,4,180,0.5,,-0.002321675094298876,-1.379141245649862e-11
24,-3.975198836769778e-09,COMPLETE,0.0012333922901861813,8,100,1.0121300520717286e-07,2.5957107284817745e-06,0.5383206648836009,-3.975198836769778e-09
25,-6.418819253894981e-09,COMPLETE,0.00500851741923893,9,70,5.131071237638525e-07,3.6291016013924595e-06,0.017941338764002505,-6.418819253894981e-09
26,-4.796871566625782e-09,COMPLETE,0.00019034933210582667,21,130,1.4643906143237486e-07,5.0590645894258405e-06,0.9797957072706344,-4.796871566625782e-09
27,-1.7935438023641836e-08,COMPLETE,0.0003523952320612682,5,300,5.478619674643308e-07,1.93040574026082e-05,0.7173919175853324,-1.7935438023641836e-08
28,-1.9216603863725368e-09,COMPLETE,0.008094658999499196,10,310,0.5,,-0.0012348376408067676,-1.9216603863725368e-09
29,1.297284021584133e-05,COMPLETE,1.7384138574617233e-05,20,100,0.00418164643308761,0.1518215069520368,0.9950197190483372,1.297284021584133e-05
30,-1.8507880783502628e-08,COMPLETE,0.00046080149479908457,11,100,6.752213713478371e-07,2.328674274770888e-05,0.9132942096047115,-1.8507880783502628e-08
31,0.0005511387974159732,COMPLETE,0.0011964263711340536,18,200,0.04542988553993967,1.0035458485166977,0.368597127647612,0.0005511387974159732
32,0.0003342746747987402,COMPLETE,0.0007535857346445859,3,350,0.04556144136336218,0.7488925323666985,0.20318038224548868,0.0003342746747987402
33,7.718407416623663e-05,COMPLETE,0.00173295176944373,20,100,0.018830970543536295,0.3757470294345209,0.3974899262289252,7.718407416623663e-05
34,0.0018810482150416474,COMPLETE,0.007121366206860062,16,10,0.0660194809919073,1.9969317722419484,0.05367557582898374,0.0018810482150416474
35,-1.192379528447418e-13,COMPLETE,0.006172296510221336,19,350,0.5,,-0.0011357675162094055,-1.192379528447418e-13
36,0.0006757655381348648,COMPLETE,0.0015855191799825762,12,240,0.09213488023117625,1.1560797698021041,0.10062693253873628,0.0006757655381348648
37,-6.405598274028534e-10,COMPLETE,0.0017961134756347842,4,400,3.5474069031853116e-07,5.460266165146169e-07,0.0027774829583803173,-6.405598274028534e-10
38,0.00017019470752588362,COMPLETE,4.457973877640681e-05,14,110,0.013562660370511403,0.5544765270533825,0.9947973281473135,0.00017019470752588362
39,-1.1572720559627214e-10,COMPLETE,0.00012283902990436286,6,60,9.165647315118551e-10,3.611048876554836e-08,0.9857027066834259,-1.1572720559627214e-10
40,-1.7160717291631045e-11,COMPLETE,0.008509316151784015,12,340,0.5,,-0.0011560149083149635,-1.7160717291631045e-11
41,7.076909459446945e-05,COMPLETE,0.006276451118851213,14,50,0.04931224232304472,0.3768910382809836,0.016775070623888468,7.076909459446945e-05
42,-7.474618701763802e-10,COMPLETE,0.00034731157576180764,22,390,4.708928198490653e-08,1.4528286141398523e-06,0.8185539474364742,-7.474618701763802e-10
43,-1.3858492131646472e-10,COMPLETE,0.008308702528137604,13,110,0.5,,-0.004304592493528869,-1.3858492131646472e-10
44,-1.1061596083550285e-11,COMPLETE,0.00018016585796394726,7,340,1.1268412039182451e-10,4.93936025495896e-09,0.9020938302923404,-1.1061596083550285e-11
45,0.0002659777321728507,COMPLETE,0.0008926469497997592,21,200,0.026329705864979663,0.6827414101948164,0.5826959153580737,0.0002659777321728507
46,-8.768411663417908e-08,COMPLETE,1.6603234403259606e-05,21,260,2.4202239051158232e-06,9.842284398821182e-05,0.9981621645640771,-8.768411663417908e-08
47,-2.1137154249117884e-09,COMPLETE,5.689539669391822e-05,3,70,3.520485730716574e-08,1.5859612255233116e-06,0.990375886727397,-2.1137154249117884e-09
48,0.00017115974103609766,COMPLETE,0.0006524856814182404,13,390,0.023768402970547144,0.5152246097557149,0.45959989595032685,0.00017115974103609766
49,0.0007126627805619234,COMPLETE,0.005273170164725004,14,140,0.602192785460316,2.7919998144783276,-0.0016871484143216812,0.0007126627805619234
50,-8.505964599336835e-09,COMPLETE,2.921103244679824e-05,13,20,2.5510344714812215e-07,9.454355415518328e-06,0.9553399439005141,-8.505964599336835e-09
51,-8.569035347960607e-08,COMPLETE,0.0020227387754026367,8,110,3.5778114996453097e-06,5.745996726116189e-05,0.18645982872090366,-8.569035347960607e-08
52,-1.5502026329272667e-08,COMPLETE,0.0003105486677148717,8,70,1.1846230516170207e-06,4.351334141894935e-05,0.9633606704366897,-1.5502026329272667e-08
53,-1.5530085217818623e-08,COMPLETE,0.003910827540364241,7,200,4.402834906625658e-05,1.3759376995743544e-05,-0.0017252119572461553,-1.5530085217818623e-08
54,-6.5998317921867056e-12,COMPLETE,0.00011979635593570532,5,140,6.627808304149351e-11,3.067948662976931e-09,0.981531209957486,-6.5998317921867056e-12
55,0.0007159803033226497,COMPLETE,7.351097086377449e-05,22,10,0.025515215602859645,1.1798945638992386,0.8821514428336189,0.0007159803033226497
56,0.0010703335292876481,COMPLETE,8.459886902087835e-05,24,10,0.03151580606656916,1.4509109960782554,0.8822870523159595,0.0010703335292876481
57,0.0005929654843845888,COMPLETE,0.00011420615928933794,21,10,0.02343794187355996,1.0718396175111489,0.8818638902545802,0.0005929654843845888
58,0.0002488963528898269,COMPLETE,0.00010873409261632373,22,10,0.015290187521831422,0.6883776339102404,0.8818609869577666,0.0002488963528898269
59,0.0003607362940863945,COMPLETE,9.336632259010721e-05,22,10,0.018328395721320254,0.8313622964482831,0.8820014723160804,0.0003607362940863945
60,0.000717476691835639,COMPLETE,7.32013045969378e-05,22,10,0.0255365273480203,1.1811505868410384,0.8821535013749424,0.000717476691835639
61,-2.9795677036759116e-10,COMPLETE,2.6387549128681535e-05,24,20,3.419814724421461e-09,1.1748094191201058e-07,0.955363884030371,-2.9795677036759116e-10
62,9.567599689208617e-05,COMPLETE,3.931608487331615e-05,25,10,0.009933596830431551,0.42413453962186143,0.8825712732264253,9.567599689208617e-05
63,0.0009165818896336164,COMPLETE,2.2562796490288233e-05,25,10,0.03571713396084259,1.3492078130650431,0.8826177914825151,0.0009165818896336164
64,-5.585423235032749e-10,COMPLETE,0.006934344314255996,16,210,0.5,,-0.0019545061403761655,-5.585423235032749e-10
65,9.927413885835179e-06,COMPLETE,0.008086722286598895,19,60,0.0490821675386851,0.14065613546752948,-0.0039120223357912475,9.927413885835179e-06
66,-5.6489638078360827e-08,COMPLETE,0.0007956223245145896,13,240,5.546966910774311e-06,0.00012768412334449286,0.5303866876002381,-5.6489638078360827e-08
67,-1.7526646800547496e-11,COMPLETE,3.1669915060898004e-05,25,30,4.585337093101192e-10,1.4240104123127372e-08,0.9740752802796253,-1.7526646800547496e-11
68,7.974563421975223e-05,COMPLETE,3.298604620505517e-05,23,10,0.009556653432933451,0.3873532006971263,0.882472964283795,7.974563421975223e-05
69,-3.0798521510888577e-09,COMPLETE,0.00010782817571627423,25,90,2.3211453947391428e-07,7.736405566881965e-06,0.9909067013730551,-3.0798521510888577e-09
70,-1.5214918214212503e-10,COMPLETE,0.00011266189161357564,24,70,4.257071097556943e-09,1.3583291691561004e-07,0.9893070544917418,-1.5214918214212503e-10
71,-2.273347243786361e-08,COMPLETE,0.0003724668978821331,24,60,1.2361749682526953e-06,3.643061586349487e-05,0.9659373347593547,-2.273347243786361e-08
72,0.001542041813768158,COMPLETE,0.0007431609740201286,25,10,0.03872553244458977,1.7546224318238786,0.8583495622082219,0.001542041813768158
73,0.0006642005697296005,COMPLETE,2.1880817686433083e-05,18,10,0.030106748413573574,1.143926640512495,0.8826235386387988,0.0006642005697296005
74,-5.9454483558596394e-08,COMPLETE,0.0006991422738625288,22,20,4.3498149800689535e-07,1.5294651844124508e-05,0.9244210906196084,-5.9454483558596394e-08
75,5.466104346785183e-05,COMPLETE,3.0728214538675644e-05,18,10,0.007999653580635514,0.3207542497062421,0.8826020019380378,5.466104346785183e-05
76,0.0007254236101901235,COMPLETE,2.1031048226853797e-05,18,10,0.031591801213003264,1.1973910356821722,0.8826252268830406,0.0007254236101901235
77,-4.124036001584841e-08,COMPLETE,1.814716213122388e-05,19,20,7.273866769739773e-07,2.5101732525339678e-05,0.955253692467965,-4.124036001584841e-08
78,0.00216196796054402,COMPLETE,0.005575037147930395,16,10,0.0635053386835992,2.136106797802973,0.17048111295255403,0.00216196796054402
79,0.002337548884505214,COMPLETE,0.005158289336955676,16,10,0.06404987833415197,2.222809820390718,0.21334107067059935,0.002337548884505214
80,1.3748250641931747e-05,COMPLETE,0.00806202780018217,16,20,0.01001967285952234,0.16093163135139482,0.015752549409136788,1.3748250641931747e-05
81,0.0013419056606074342,COMPLETE,0.00259363819381887,14,10,0.03923317060003971,1.6413374071559357,0.605637260376128,0.0013419056606074342
82,0.0011682562651863515,COMPLETE,0.004057420471329446,14,10,0.04097884524773264,1.5335790254993487,0.3587885908223354,0.0011682562651863515
83,0.0008374396594678091,COMPLETE,0.0012533683465257516,13,10,0.02820595128574828,1.2822490183529929,0.811065868543528,0.0008374396594678091
84,-4.1938926109708063e-08,COMPLETE,0.0027495714902618803,17,20,1.1424013445710858e-06,3.250322136088702e-05,0.5578826547256452,-4.1938926109708063e-08
85,-3.059061892685122e-10,COMPLETE,0.001778524871634466,12,50,7.174797008625827e-09,1.7579193176244268e-07,0.5803999110770116,-3.059061892685122e-10
86,0.0007432205450577101,COMPLETE,0.004281783915971899,13,10,0.03369959813987752,1.214122931527975,0.32369499783558014,0.0007432205450577101
87,0.0007959353308530925,COMPLETE,0.0070450597372231265,14,10,0.04354154657179658,1.2680457669188896,0.0570669969564363,0.0007959353308530925
88,-7.13052061840358e-10,COMPLETE,0.0015736055225123496,25,30,1.5755096337737105e-08,4.099033758281187e-07,0.7824249834097478,-7.13052061840358e-10
89,-3.282742966348451e-10,COMPLETE,0.002587011932426392,19,20,5.833079415074353e-09,1.642661964743263e-07,0.5987549071014472,-3.282742966348451e-10
90,-2.719836333930914e-08,COMPLETE,0.0016195961018067688,24,30,8.709931638951017e-07,2.2389081888658068e-05,0.7707538342137976,-2.719836333930914e-08
91,-3.844080609383127e-11,COMPLETE,0.00759227664726667,18,20,1.889619888054402e-09,3.084756878927947e-08,0.028723952123386555,-3.844080609383127e-11
92,-2.3296031770314585e-11,COMPLETE,0.0007977472617444357,18,20,2.2694586613547746e-10,7.810900894295362e-09,0.9139545117766714,-2.3296031770314585e-11
93,0.00299164868341395,COMPLETE,0.00035812421563146497,16,10,0.05006814236748417,2.4802861852402986,0.8767950905303107,0.00299164868341395
94,-5.2060857402835836e-08,COMPLETE,0.002982655665144563,15,20,9.314633686484971e-06,0.0002644499712689808,0.5018054343770557,-5.2060857402835836e-08
95,-1.1227772467314878e-07,COMPLETE,0.00895364472821215,11,40,0.00034040377612071194,0.0015128267174405615,-0.006934209619675791,-1.1227772467314878e-07
96,3.829651186837424e-06,COMPLETE,0.001130987377766794,11,10,0.002056793147934592,0.08569810155265181,0.8230258787880282,3.829651186837424e-06
97,-8.301602738569613e-09,COMPLETE,0.0008165349161626729,12,20,2.914795362773736e-07,1.0043967949988271e-05,0.9088931766771479,-8.301602738569613e-09
98,-9.47584455346373e-10,COMPLETE,0.0018967016208853867,13,20,3.223015586096886e-08,1.0233688170450553e-06,0.7343778492652221,-9.47584455346373e-10
99,-9.115606758314243e-08,COMPLETE,0.00017571135185548032,15,40,1.9401194394542834e-06,6.391977017087847e-05,0.9786469344438308,-9.115606758314243e-08
100,-8.93504603638462e-10,COMPLETE,0.0002612020131695548,18,70,2.8751470526444504e-08,9.19939463016334e-07,0.9763647761899157,-8.93504603638462e-10
101,0.0006711980580932364,COMPLETE,0.00026830443929654876,14,10,0.02384911876152628,1.1425043676638946,0.8794014995370963,0.0006711980580932364
102,0.00022740104830942798,COMPLETE,0.0003694624690913414,18,90,0.019365267300789652,0.647595383463468,0.9534500407810849,0.00022740104830942798
103,0.00035565148643601496,COMPLETE,0.00022963753466438932,17,50,0.02468307880703472,0.8237489174345813,0.9786126082911718,0.00035565148643601496
104,4.9858909083821956e-05,COMPLETE,0.00016597748731340609,15,60,0.008868312227780428,0.3028221603482218,0.9844167015423123,4.9858909083821956e-05
105,0.00024090508161134228,COMPLETE,0.00020715757214686607,13,10,0.014253864113177913,0.6779204124593442,0.8807841455752937,0.00024090508161134228
106,-6.440303446098028e-08,COMPLETE,0.0001529816128732658,16,20,9.814894552328233e-07,3.701126479954931e-05,0.9537076112887173,-6.440303446098028e-08
107,0.002671895506695554,COMPLETE,0.0005212238383727807,17,10,0.048055714753884864,2.3385884024701875,0.8702579559360788,0.002671895506695554
108,-8.981004606667398e-08,COMPLETE,0.00043348004718839884,25,20,6.873749529238819e-07,2.4129354702139648e-05,0.9437402494397821,-8.981004606667398e-08
109,0.00014575005447758915,COMPLETE,0.002065693753229756,16,50,0.02392565242995918,0.5269554344186197,0.5078838540060917,0.00014575005447758915
110,0.0012155446315536,COMPLETE,0.002928349181013877,18,10,0.03775116459954438,1.5590080346614195,0.5507698959253446,0.0012155446315536
111,0.0007281975093456072,COMPLETE,0.005943587267926869,14,10,0.03804426294798495,1.2062913392659946,0.13548185929955692,0.0007281975093456072
112,0.0007371180515330922,COMPLETE,0.00036337643147998303,24,10,0.026414939703257014,1.197602540148158,0.8767195260343956,0.0007371180515330922
113,0.00014585565590807814,COMPLETE,0.005123804402816593,19,10,0.016719522065581013,0.5279824385769083,0.21999235347531346,0.00014585565590807814
114,0.00021251290207613405,COMPLETE,0.0032047148968881774,16,100,0.058074064553555356,0.6501889923108869,0.06519059398946958,0.00021251290207613405
115,0.001615390834853181,COMPLETE,0.0037334316414921053,19,110,0.20360228945415992,2.112337353629321,0.03210779931961652,0.001615390834853181
116,0.0003576172056953819,COMPLETE,0.0014829386079893577,19,10,0.019184966772260833,0.8292402328679953,0.7863225801788077,0.0003576172056953819
117,0.0012045793677478711,COMPLETE,0.00025753565321676733,20,10,0.032793249248575615,1.5433863676797583,0.8795022418596101,0.0012045793677478711
118,-1.4556967187218106e-08,COMPLETE,0.00186642254580441,25,130,4.620038194978423e-07,7.575936539870271e-06,0.2625950540990168,-1.4556967187218106e-08
119,0.001122188550204628,COMPLETE,0.00315086209616499,19,110,0.13667358055346165,1.6241978209499701,0.062128904935531325,0.001122188550204628
120,0.003935930207475846,COMPLETE,0.005744194559514083,21,120,0.6604381062780559,7.725418810794312,-0.0014321802756832656,0.003935930207475846
121,-1.0579858322756763e-08,COMPLETE,0.0032450390832966954,25,140,8.739594934472359e-07,6.088466814653379e-06,0.034731896414593115,-1.0579858322756763e-08
122,-1.7622414638651662e-10,COMPLETE,0.00733870137192671,22,140,0.5,,-0.0033275895347307494,-1.7622414638651662e-10
123,0.0015016162783908493,COMPLETE,0.004373571274895337,19,120,0.2923468984896614,2.286582157469581,0.010458648803725504,0.0015016162783908493
124,0.0018001118025229301,COMPLETE,0.007699027152738572,23,100,0.7450705447750935,6.994509721390988,-0.004467472705325447,0.0018001118025229301
125,4.6323320761931797e-05,COMPLETE,0.003704449336072326,21,140,0.05754970136643115,0.2997118307973431,0.017018673882275053,4.6323320761931797e-05
126,1.3637797940946328e-06,COMPLETE,0.0037507043756105913,19,130,0.009263999005209172,0.04948362519077537,0.019387123425754074,1.3637797940946328e-06
127,-2.4802866427364734e-09,COMPLETE,0.006393538320126458,19,140,0.5,,-0.0033242184846932845,-2.4802866427364734e-09
128,0.0009090604322463669,COMPLETE,0.006181828988809678,24,100,0.32644322690725286,1.877821325402131,-0.000383506480090813,0.0009090604322463669
129,-3.999414133204482e-10,COMPLETE,0.007184533352317599,25,90,3.194828491847159e-07,4.4584460495426213e-07,-0.0030080612015466004,-3.999414133204482e-10
130,-5.224864985109434e-11,COMPLETE,0.008898772407349336,22,80,9.4593027337702e-08,2.217594521077744e-08,-0.00646020030630622,-5.224864985109434e-11
131,0.0013841462414542205,COMPLETE,0.0064336128318314275,23,40,0.1428069271761566,1.8525931327566212,0.030221518987669446,0.0013841462414542205
132,0.0016125113726047635,COMPLETE,0.008978342731303017,22,40,0.2500211770019262,2.2867187312566224,-0.0033149573333686815,0.0016125113726047635
133,-5.871991781702945e-11,COMPLETE,0.009756483726426714,22,70,6.713679222562947e-07,7.380600001183319e-08,-0.007869937044393165,-5.871991781702945e-11
134,-6.64941350647652e-07,COMPLETE,0.00871051434158679,17,110,0.5,,-0.004305650771875815,-6.64941350647652e-07
135,0.0005934144313535228,COMPLETE,0.00967278604704969,21,10,0.0492778060204288,1.0998302672304148,-0.04259153107965185,0.0005934144313535228
136,0.0011680713643299478,COMPLETE,0.003911377614214885,23,10,0.04355210075289339,1.5344782227017595,0.39043048416956894,0.0011680713643299478
137,-1.979749697511579e-12,COMPLETE,0.009018365147497454,24,20,4.7330683716054526e-11,6.742317414972716e-10,0.0027447593323073594,-1.979749697511579e-12
138,-8.069110712938254e-09,COMPLETE,0.003745291910753945,22,20,9.944993753834496e-08,2.525222537305358e-06,0.3643810048286501,-8.069110712938254e-09
139,-6.149794007370701e-10,COMPLETE,0.005070611036440033,23,20,8.563242261659144e-09,1.865008554382369e-07,0.1775699187447011,-6.149794007370701e-10
140,-3.8060314899723835e-09,COMPLETE,1.6618383158689922e-05,7,350,3.4370969350280394e-08,1.926157529209651e-06,0.9976640384587053,-3.8060314899723835e-09
141,0.00011733301066185753,COMPLETE,0.003574361378623515,22,50,0.030864827589065225,0.4754518909690287,0.16473620953149626,0.00011733301066185753
142,-5.873412867174466e-11,COMPLETE,0.007850766662201058,22,220,0.5,,-0.0018628217971024738,-5.873412867174466e-11
143,2.390991665190967e-05,COMPLETE,0.001571991370322345,19,100,0.009886999803246524,0.20728151706453266,0.4608773044720071,2.390991665190967e-05
144,5.243627962225883e-05,COMPLETE,0.0011581475562902365,18,90,0.012384107838014947,0.30873741579166647,0.677334948189276,5.243627962225883e-05
145,-3.697606798525044e-08,COMPLETE,1.399892907351909e-05,6,340,8.588048922456519e-07,5.176300168436961e-05,0.9978732335010586,-3.697606798525044e-08
146,-9.868618722208566e-08,COMPLETE,0.00124365160603433,16,100,4.000029920758297e-06,9.797693277911236e-05,0.5973149358836353,-9.868618722208566e-08
147,-1.1536060995354092e-10,COMPLETE,0.008307968501879238,23,250,0.5,,-0.0015916293175541238,-1.1536060995354092e-10
148,-1.4828942296318814e-08,COMPLETE,0.0008484417295451192,17,70,9.74720492952295e-07,2.5800930516897286e-05,0.844668970614003,-1.4828942296318814e-08
149,-1.7575052524421153e-10,COMPLETE,0.000830015254058572,19,20,1.968993577094357e-09,6.737154980467126e-08,0.9111341342319633,-1.7575052524421153e-10
150,0.0035840311666224256,COMPLETE,0.0007091490974207003,16,10,0.05562508640481298,2.731460176870311,0.859710945491206,0.0035840311666224256
151,0.0039934730533537355,COMPLETE,0.00933750069285323,16,40,0.41900267976457023,4.656521264072799,-0.0069460225934161795,0.0039934730533537355
152,-4.398059760823969e-08,COMPLETE,3.946931711333025e-05,5,400,3.274018400056323e-07,2.2005193792215887e-05,0.9856494855379839,-4.398059760823969e-08
153,-2.4701139134108985e-08,COMPLETE,0.005742435656911016,2,20,6.679407272443521e-07,1.2597802162148336e-05,0.05785141243633667,-2.4701139134108985e-08
154,6.413070767852247e-05,COMPLETE,0.009985602662803409,18,60,0.29152335211716285,0.48135520035771123,-0.009158101978131588,6.413070767852247e-05
155,0.003294115803481046,COMPLETE,0.006300475481134299,16,40,0.2162164390330447,3.129992677663052,0.02829041560223928,0.003294115803481046
156,-2.2957289402825154e-09,COMPLETE,0.008761801448892291,15,70,2.2219669116962763e-06,1.8820289852204928e-06,-0.006816612751260479,-2.2957289402825154e-09
157,-1.459403708992113e-10,COMPLETE,0.0074416091407292035,17,20,1.716359281082026e-08,2.855944419160829e-07,0.03242863896970084,-1.459403708992113e-10
158,3.209763885791972e-05,COMPLETE,0.005805177199896558,16,60,0.03812047130839477,0.24990325253888745,0.017015958233991945,3.209763885791972e-05
159,0.00019591851064582055,COMPLETE,0.006303215678872329,15,70,0.12219465521601483,0.675756579387014,0.00567391944958089,0.00019591851064582055
160,-8.603468559797989e-08,COMPLETE,0.00045804332353347436,16,20,1.4531994066670152e-06,5.3158835705470505e-05,0.9410753308096274,-8.603468559797989e-08
161,-4.834765232608618e-08,COMPLETE,0.0009481518798538,15,20,1.999917373442326e-06,7.057042280196467e-05,0.8960661728936745,-4.834765232608618e-08
162,-5.95310467588206e-11,COMPLETE,0.0009999145352991424,14,20,1.2928345444121532e-09,4.5795377088249106e-08,0.8889626994604537,-5.95310467588206e-11
163,3.664972217065632e-05,COMPLETE,0.009481545211576518,15,20,0.018468822176260623,0.2651573837921822,-0.008147539483144287,3.664972217065632e-05
164,0.0023231437251286513,COMPLETE,0.0003772027261836541,17,10,0.04463743440723011,2.1723919088559693,0.8761549521064705,0.0023231437251286513
165,5.9527367347489424e-05,COMPLETE,0.0035071392712684424,19,90,0.03342676186235953,0.33585712697089476,0.06621243907486349,5.9527367347489424e-05
166,-1.0509281889170552e-07,COMPLETE,0.002511185365435264,18,20,1.3491097487546705e-06,3.798241453836825e-05,0.6129513552584112,-1.0509281889170552e-07
167,0.0007670869734553998,COMPLETE,0.004230534056729591,18,10,0.033554782516486165,1.232514691732182,0.3374010797665229,0.0007670869734553998
168,0.002113175805753209,COMPLETE,0.0022315417940466024,15,10,0.048540429764871655,2.0803228975164174,0.6699871630288473,0.002113175805753209
169,0.0032698934881552066,COMPLETE,0.003515055405230113,16,10,0.06604896869822909,2.6366894291457204,0.44873525593393404,0.0032698934881552066
170,0.002614885033900949,COMPLETE,0.0020280993106707094,17,10,0.05146442235534607,2.3216058977198366,0.7058617096036417,0.002614885033900949
171,0.002029354433633279,COMPLETE,0.007482667055342459,21,110,0.9536074255743612,40.90503132007612,-0.004258621517227744,0.002029354433633279
172,-3.525482128452495e-10,COMPLETE,0.009932052426080668,20,120,0.5,,-0.0039047456851741854,-3.525482128452495e-10
173,-3.4150460237469815e-13,COMPLETE,0.00717001215508317,18,130,0.5,,-0.0035908125269727554,-3.4150460237469815e-13
174,-9.135806289251036e-08,COMPLETE,0.0024246281135546902,15,30,4.9781876423675105e-06,0.00010884845495837719,0.5456165793985078,-9.135806289251036e-08
175,-3.7085988502383316e-08,COMPLETE,0.004174208311959837,16,20,9.280659341427721e-06,0.00022297932985957774,0.27908973877495874,-3.7085988502383316e-08
176,-4.609956860690545e-11,COMPLETE,0.0005801916182254378,18,20,4.473701009795848e-10,1.57263971586133e-08,0.9330431245444915,-4.609956860690545e-11
177,0.00218332464690707,COMPLETE,0.0012468349615972788,15,10,0.046001386054145506,2.109248903763073,0.8126871460284907,0.00218332464690707
178,0.003778393286203774,COMPLETE,0.0011065817550066912,16,10,0.058399681535583156,2.8130523940170518,0.8275097955560429,0.003778393286203774
179,0.00258887069653424,COMPLETE,0.0005045594590519387,17,10,0.04726326775675991,2.299923455357942,0.8710346438372089,0.00258887069653424
180,-2.1050849952075623e-10,COMPLETE,0.0004946056425746141,16,30,1.6011884740686956e-08,4.799309935310578e-07,0.9504272907651231,-2.1050849952075623e-10
181,-7.146667035939913e-09,COMPLETE,0.00109908829537851,16,30,4.0878933416356954e-07,1.1171790077063201e-05,0.8660494974312871,-7.146667035939913e-09
182,-2.3929702885894244e-08,COMPLETE,0.0007968979539730474,16,20,3.749484186794819e-07,1.3285540742937592e-05,0.9132908104368589,-2.3929702885894244e-08
183,0.002864457735486603,COMPLETE,0.0006055372741398484,17,10,0.049808223610190626,2.4261047125524122,0.8659552864297867,0.002864457735486603
184,0.0029734265627751055,COMPLETE,0.0006973346628647428,17,10,0.05091148923704132,2.474874047422789,0.8605662948295076,0.0029734265627751055
185,-6.370285121626296e-08,COMPLETE,0.000525030673091944,16,20,1.0523519070829309e-06,3.825072841321795e-05,0.9366888931137649,-6.370285121626296e-08
186,0.003667192709943534,COMPLETE,0.0007632903794414172,16,10,0.056389266840642306,2.7653234994512252,0.8561139151270278,0.003667192709943534
187,0.003137060011663362,COMPLETE,0.0009613219467530209,17,10,0.05272846607962983,2.54726265202013,0.8410366377610693,0.003137060011663362
188,0.002218417419487695,COMPLETE,0.0015378985306263092,15,10,0.04730189207732895,2.1289932911217337,0.7775130213165663,0.002218417419487695
189,0.0006112487922987908,COMPLETE,0.0002639782303994219,18,10,0.0229989472917671,1.0886410698647642,0.8794435025733577,0.0006112487922987908
190,-1.1543670463964872e-08,COMPLETE,0.0027854477680990717,12,90,6.012723928677864e-07,7.919579376213152e-06,0.11369379503219675,-1.1543670463964872e-08
191,0.003286785170606321,COMPLETE,0.0004640145811080311,16,10,0.052567257331428384,2.606976232413799,0.8727944501197294,0.003286785170606321
192,0.0031176197622222457,COMPLETE,0.0003952617119940398,16,10,0.05114704754225766,2.5350016297720956,0.8755065782144057,0.0031176197622222457
193,0.0007619693894892476,COMPLETE,0.000414555772998661,18,10,0.025671949860594578,1.2188908833626055,0.8747864619412471,0.0007619693894892476
194,0.0013108602922651258,COMPLETE,0.00035923156729045984,15,10,0.03424041286060145,1.6138825102358707,0.8767624057732367,0.0013108602922651258
195,0.00046109140797967463,COMPLETE,0.0005384129860693617,19,10,0.020430435196581193,0.9429387581751453,0.8694521334484486,0.00046109140797967463
196,0.0023958723833958917,COMPLETE,0.0003970811699815395,17,10,0.045333465088877756,2.207822431635615,0.8754510155201903,0.0023958723833958917
197,0.0006292782668160246,COMPLETE,0.00029964243029541993,18,10,0.02331732023751248,1.1049529740437158,0.8785243788692145,0.0006292782668160246
198,0.001960641547914199,COMPLETE,0.0008120629460209729,15,10,0.042466344422081206,1.9913568295928816,0.8525253876795454,0.001960641547914199
199,0.0023595797102864413,COMPLETE,0.0003850691046792462,17,10,0.04498116194839181,2.1901891112895493,0.8758805742879132,0.0023595797102864413
200,0.0014563822269871851,COMPLETE,0.0005588463178958025,14,10,0.03520221577250125,1.7033818869585284,0.8682378229878929,0.0014563822269871851
201,-6.562328458414868e-11,COMPLETE,0.0004852297102100659,14,80,4.075424430370126e-09,1.2678674927437308e-07,0.9291193188589025,-6.562328458414868e-11
202,-3.2878317846041227e-09,COMPLETE,0.0003250461274280676,11,20,3.8171277111690403e-08,1.4271748010010508e-06,0.9476192048534187,-3.2878317846041227e-09
203,0.0032991202463575897,COMPLETE,0.0004936775559390513,16,10,0.0526928393025397,2.6122158057606364,0.8714935242244908,0.0032991202463575897
204,0.001784712492112206,COMPLETE,0.0005234723853898418,15,10,0.039998999158026516,1.8949010863488083,0.8700711377106396,0.001784712492112206
205,-8.294414044485166e-10,COMPLETE,0.000492191091530243,19,20,9.783171512351953e-09,3.4413290011632815e-07,0.9393468265132381,-8.294414044485166e-10
206,-3.1229685504285953e-11,COMPLETE,0.0007330267726177957,18,20,3.0550889259812336e-10,1.058081599100518e-08,0.9202061272408217,-3.1229685504285953e-11
207,0.0012634384061109838,COMPLETE,0.0007052577083016397,18,10,0.0331553754690416,1.582146586796465,0.860121850371003,0.0012634384061109838
208,-1.7620031433907002e-08,COMPLETE,0.0005165454440418044,18,70,9.105226475030381e-07,2.7051766546153378e-05,0.9337936828740832,-1.7620031433907002e-08
209,0.0003838351585048194,COMPLETE,0.0008610759285283178,19,10,0.019062495844287233,0.8590822173539674,0.8493523369718452,0.0003838351585048194
210,2.352863113641579e-05,COMPLETE,0.000510166080153138,17,80,0.00681332445896229,0.20642312095616444,0.9264092418609154,2.352863113641579e-05
211,0.0016851928124744786,COMPLETE,0.00015759333129903585,17,10,0.037797552627372666,1.8365398994968845,0.8815561268967339,0.0016851928124744786
212,-3.0062330402813586e-10,COMPLETE,6.241653563861864e-05,16,350,4.204943324179555e-09,1.7463586705630244e-07,0.9911370725111729,-3.0062330402813586e-10
213,-2.3283153183228933e-11,COMPLETE,0.00015090364991224032,14,20,4.0402625616989133e-10,1.5455635425421496e-08,0.9537595966696932,-2.3283153183228933e-11
214,0.002616329630149572,COMPLETE,0.00029089121476945986,16,10,0.04678965911132388,2.3110810317350983,0.8788105441938234,0.002616329630149572
215,0.0006584603547338252,COMPLETE,0.00025371102558103767,14,10,0.023599560063435138,1.1313275098258395,0.8797591269409842,0.0006584603547338252
216,-8.965939102267839e-12,COMPLETE,7.472082893677412e-05,16,360,1.043032624856101e-10,4.229641919233152e-09,0.9874977614920679,-8.965939102267839e-12
217,0.0025141287350534114,COMPLETE,0.0002427535807426733,16,10,0.0457051833301211,2.262861152409448,0.8800007869196674,0.0025141287350534114
218,0.0006090453293066123,COMPLETE,0.00023087978063662627,18,10,0.022951557066109192,1.0866129058330505,0.8801936743896444,0.0006090453293066123
219,0.0020669392879916204,COMPLETE,0.0001600094238293773,16,10,0.04130911237336522,2.0419616070883473,0.8815495769127653,0.0020669392879916204
220,-1.4007106585722795e-10,COMPLETE,0.00033712905516799103,13,120,3.070734280976025e-09,1.0827294753636401e-07,0.9427744993753865,-1.4007106585722795e-10
221,-1.0168754727146734e-10,COMPLETE,0.000180377607201316,16,80,5.477026569682681e-09,1.8490701410246346e-07,0.9841679076284477,-1.0168754727146734e-10
222,0.00022034767141021483,COMPLETE,9.560146141997778e-05,17,90,0.01727891133801996,0.6362962315903236,0.991280449053746,0.00022034767141021483
223,-2.906122231749464e-09,COMPLETE,7.940401054927734e-05,17,80,2.1314233435185766e-07,7.2127483061934235e-06,0.9915811086003253,-2.906122231749464e-09
224,2.5487521360112453e-07,COMPLETE,8.958346854169526e-05,17,100,0.0006514803017900798,0.023357753052211726,0.9921602139072506,2.5487521360112453e-07
225,-5.475577768976336e-10,COMPLETE,0.00027739988272457107,13,70,1.472959667546075e-08,5.028588525932914e-07,0.9725682657478156,-5.475577768976336e-10
226,0.0006958380990472746,COMPLETE,1.4632499910166954e-05,1,20,0.023337917587404545,1.1655741145084235,0.9552178831895201,0.0006958380990472746
227,0.0032646968872903637,COMPLETE,0.0004469355208551761,16,10,0.05237980812283372,2.597665816654685,0.8735077943989638,0.0032646968872903637
228,0.001611069276066912,COMPLETE,0.00046012838733938075,15,10,0.03800530513317791,1.7964668457085142,0.8729397221909352,0.001611069276066912
229,-9.799972477964047e-08,COMPLETE,0.00034415121432288,16,20,1.631688255817991e-06,6.050488056897407e-05,0.9472195331339889,-9.799972477964047e-08
230,-2.1801603633520017e-08,COMPLETE,0.00038440830010531976,15,20,7.060420881770493e-07,2.650237040304073e-05,0.9451618086394895,-2.1801603633520017e-08
231,0.002522815140648671,COMPLETE,0.00045195475554277,17,10,0.04659799122562734,2.268729690282665,0.8733247282977498,0.002522815140648671
232,-1.1351530582182079e-07,COMPLETE,0.0011343365289175707,2,190,1.0827662471350383e-05,0.00018094496082947801,0.18059577880177427,-1.1351530582182079e-07
233,0.003446646217019178,COMPLETE,0.0006237135141862296,16,10,0.05418178386146502,2.674351762010692,0.8648693683517275,0.003446646217019178
234,-1.0001999228848035e-11,COMPLETE,0.0001772149691661129,1,230,9.073560174508545e-11,4.343982984230896e-09,0.599094580417124,-1.0001999228848035e-11
235,-5.297524641179052e-08,COMPLETE,0.0005683591994303018,16,70,1.3066982088580706e-06,3.882099026016159e-05,0.9200936516083281,-5.297524641179052e-08
236,0.001430782887601345,COMPLETE,0.0010884162382065318,18,10,0.03591820576352316,1.688698137260682,0.8297359804804503,0.001430782887601345
237,0.0014108069779970034,COMPLETE,0.001245894915174069,18,10,0.036036104784301276,1.677032813471537,0.8137408390615497,0.0014108069779970034
238,0.0029028920689406768,COMPLETE,0.0006426913457650521,17,10,0.0502121532280412,2.443417906578974,0.86386234358394,0.0029028920689406768
239,0.0011438789056262832,COMPLETE,0.0006286703767329334,18,10,0.03149063712490758,1.5027158105759368,0.8647006947453794,0.0011438789056262832
240,0.0014710522810129634,COMPLETE,0.0008512837376619978,18,10,0.035930976809389885,1.712353115353092,0.8499947533587147,0.0014710522810129634
241,0.0014602491508676207,COMPLETE,0.0008367810540584361,18,10,0.0357767429348982,1.7057684653124978,0.8510816807318086,0.0014602491508676207
242,0.0030528667237406104,COMPLETE,0.0007610892050233277,17,10,0.05168118992818846,2.509889730610781,0.8563928828350917,0.0030528667237406104
243,0.0028766874836687606,COMPLETE,0.0006228796971882388,17,10,0.04996455621986749,2.431691991207711,0.8649932619946042,0.0028766874836687606
244,-1.403742011518716e-09,COMPLETE,0.0005409314706250274,12,20,3.8871530886882904e-08,1.3779702899012472e-06,0.9345225912774495,-1.403742011518716e-09
245,-5.1830798097896036e-08,COMPLETE,0.0009102656543400068,15,80,3.946629268316551e-06,0.00010555224220087101,0.7964227435649238,-5.1830798097896036e-08
246,0.0013914536936194821,COMPLETE,0.0005201330927619416,14,10,0.03438646783047742,1.663506223136201,0.8701657797600716,0.0013914536936194821
247,0.0017883088910952694,COMPLETE,0.0005256995134724732,15,10,0.04004083043891417,1.8968954984664157,0.8699637302004959,0.0017883088910952694
248,0.0019785610060453207,COMPLETE,0.0008344820769476203,15,10,0.04271262606268878,2.0009628350674937,0.8508601236787309,0.0019785610060453207
249,0.00019348271773611536,COMPLETE,0.0006622917511070891,21,100,0.01956674086625582,0.5951974450503171,0.8652304726814332,0.00019348271773611536
250,0.00012865472352119323,COMPLETE,0.0002778801737018143,20,90,0.014243539805225346,0.48430391574276727,0.9713726931581594,0.00012865472352119323
251,-3.3744922411926837e-09,COMPLETE,0.0004134960285062761,19,80,2.980106590819845e-07,9.344466349635614e-06,0.9496343229956828,-3.3744922411926837e-09
252,0.001730206804517409,COMPLETE,0.0006303235963879924,15,10,0.03961471008771009,1.864926041318482,0.8644235311668294,0.001730206804517409
253,-1.2148397843247949e-09,COMPLETE,0.0008500722497756813,16,80,5.6421653631837966e-08,1.5413284893521413e-06,0.8211811860177498,-1.2148397843247949e-09
254,-7.270629964750697e-08,COMPLETE,0.0003721975580488632,20,60,1.1535945284622785e-05,0.0003501999944700341,0.9646072967881245,-7.270629964750697e-08
255,-2.1594372956457164e-09,COMPLETE,0.0003946957907353056,18,70,8.187303561657278e-08,2.5209775237737942e-06,0.9571560964801639,-2.1594372956457164e-09
256,-1.0917067472249187e-08,COMPLETE,0.0012110046297465061,15,80,8.208862680975754e-07,2.005549118013097e-05,0.6762962862230845,-1.0917067472249187e-08
257,0.0037502706805572217,COMPLETE,0.0012101544175655663,16,10,0.05860563005517464,2.8031015157262122,0.8169600940525449,0.0037502706805572217
258,0.0012046300249742847,COMPLETE,0.00025751394128622086,20,10,0.03279395624092544,1.5434206073229095,0.8795027477231838,0.0012046300249742847
259,0.003839586896866254,COMPLETE,0.0008058768852209793,16,10,0.05770334857844446,2.833814340098127,0.8531087009789259,0.003839586896866254
260,0.0007959356973581411,COMPLETE,0.0007541805450699508,21,10,0.02783551243791754,1.2475540274445651,0.8570966789214619,0.0007959356973581411
261,-2.743743010569233e-10,COMPLETE,0.0011085115216838241,20,50,3.026558029556328e-08,7.682566061173173e-07,0.8218915813224112,-2.743743010569233e-10
262,-3.8783431799416235e-08,COMPLETE,0.001484132119818441,19,70,4.589390576613037e-06,9.970326613431422e-05,0.6220031151192008,-3.8783431799416235e-08
263,0.0003672981126139341,COMPLETE,0.0013374478041034753,19,10,0.019254908601184027,0.8404688125562265,0.8038157458903241,0.0003672981126139341
264,0.0022227437490154323,COMPLETE,0.0016563026583738482,15,10,0.047749832548333225,2.132050221599536,0.7613478005269002,0.0022227437490154323
265,0.0037726195898273307,COMPLETE,0.0010461055077625261,16,10,0.05811549343063043,2.810066334680274,0.8332640765087976,0.0037726195898273307
266,0.002182665306330267,COMPLETE,0.0012427514494643469,15,10,0.04598200593423835,2.108888475055291,0.8131336147863008,0.002182665306330267
267,-2.765991879982721e-09,COMPLETE,8.426932297098594e-05,24,330,5.76164300138208e-08,2.1738660272792957e-06,0.9886128770807564,-2.765991879982721e-09
268,-4.4418158040571143e-10,COMPLETE,0.0010625173366224188,11,60,8.383409553286214e-09,2.2961003310574393e-07,0.7796451516076885,-4.4418158040571143e-10
269,-4.445902201943852e-08,COMPLETE,0.0012161253826670922,13,60,1.4454027796426301e-06,3.7693106092088124e-05,0.7372725287835328,-4.445902201943852e-08
270,-6.274365471625742e-10,COMPLETE,0.001723499882426637,13,60,1.926896753859749e-08,4.261063826478798e-07,0.5527485698360185,-6.274365471625742e-10
271,-2.217559025297078e-09,COMPLETE,0.00015077589958704127,18,250,5.185689142033829e-08,1.8886174012744676e-06,0.9732975807562858,-2.217559025297078e-09
272,1.6770425676937428e-05,COMPLETE,0.001512422811920347,16,40,0.0068023880837438985,0.17611714287462035,0.7374792221556133,1.6770425676937428e-05
273,0.001308293924176751,COMPLETE,0.001922260144182134,18,10,0.03631625878273637,1.6152629062060224,0.7234539288001134,0.001308293924176751
274,0.003842155818390758,COMPLETE,0.0008452526710677865,16,10,0.05786204493484378,2.835232382361869,0.8501923885299972,0.003842155818390758
275,0.0003492405590186376,COMPLETE,0.00198971343272169,19,10,0.019666689323374426,0.8198030576309701,0.713357818905435,0.0003492405590186376
276,0.00383128883381878,COMPLETE,0.0008283480784122526,16,10,0.057720239054112735,2.8307837310396238,0.8514607255368697,0.00383128883381878
277,0.0015560135650762863,COMPLETE,0.0009759772801495226,14,10,0.03724128405330333,1.764521227070948,0.8391306908182794,0.0015560135650762863
278,0.0014791652810774991,COMPLETE,0.0012955086523647524,14,10,0.037215389492777654,1.7201929619096663,0.8068956133802142,0.0014791652810774991
279,-3.2878233469091356e-10,COMPLETE,0.004189522771405909,1,320,0.5,,-0.001193214522002112,-3.2878233469091356e-10
280,0.0018824263276477904,COMPLETE,0.0008078885176985206,12,10,0.04222137646212266,1.9528683749588547,0.8521437224590459,0.0018824263276477904
281,-1.9231549686082872e-10,COMPLETE,0.005591888983557864,23,400,0.5,,-0.0009871597021309977,-1.9231549686082872e-10
282,-2.7601697594192842e-08,COMPLETE,0.0002350049069957577,25,240,9.790805219228344e-07,3.343239032473902e-05,0.9501645902772154,-2.7601697594192842e-08
283,-1.6303851380072842e-08,COMPLETE,0.0007182862765539655,13,70,8.081190461291384e-07,2.4379529332049233e-05,0.874862609848185,-1.6303851380072842e-08
284,-5.6071591814088606e-11,COMPLETE,0.0009757555602841187,16,70,2.2883551925366945e-09,5.9405899686088455e-08,0.800390480213545,-5.6071591814088606e-11
285,4.721701707877113e-05,COMPLETE,0.001162607865840415,16,50,0.010910906176427836,0.29603177683344717,0.7981150110186066,4.721701707877113e-05
286,-2.415112554388088e-11,COMPLETE,5.773604861032743e-05,25,330,3.364881204650594e-10,1.297308082784161e-08,0.9940383174634145,-2.415112554388088e-11
287,0.0030019460424854927,COMPLETE,0.0012446778045074535,17,10,0.05243974587880175,2.4908002417573174,0.8136207533576876,0.0030019460424854927
288,0.003840223610814264,COMPLETE,0.0008080442333678375,16,10,0.05771567103431011,2.8340857124430725,0.8529516582776772,0.003840223610814264
289,-5.447079232112628e-08,COMPLETE,0.000494335152390885,16,70,1.2912067360744926e-06,3.9106605528058855e-05,0.936693500873594,-5.447079232112628e-08
290,0.002111481190319453,COMPLETE,0.0010388734117434285,15,10,0.044665506828117506,2.0713581670971095,0.8336972206105067,0.002111481190319453
291,0.0020996373617965247,COMPLETE,0.0010193866506222442,15,10,0.04448877474067739,2.06515556413731,0.835486478455196,0.0020996373617965247
292,0.002136578593346705,COMPLETE,0.001065405716243631,15,10,0.044993580435461984,2.0843637851397085,0.8312120851681059,0.002136578593346705
293,0.003214562604523463,COMPLETE,0.0007981180150353388,17,10,0.052945375804864865,2.5792119550622505,0.8538082621779357,0.003214562604523463
294,0.0014419036510715522,COMPLETE,0.0009717889138122401,18,10,0.03580759980891677,1.6950753431879038,0.8402822324869691,0.0014419036510715522
295,-3.0957458818647865e-12,COMPLETE,0.0012716593704730353,18,20,3.0162652102223945e-11,9.84196482969923e-10,0.8543148603887296,-3.0957458818647865e-12
296,-7.538434543263861e-09,COMPLETE,0.000989138703546902,19,60,2.828740513720392e-06,7.427901966379461e-05,0.8276843608700203,-7.538434543263861e-09
297,-6.752875103543943e-08,COMPLETE,0.002591356573465587,17,70,2.2319762596694588e-05,0.000330270964143386,0.24224287226358968,-6.752875103543943e-08
298,-1.5999734870320026e-09,COMPLETE,1.1055699221272106e-05,13,310,2.3291299797461343e-08,1.0227606314228022e-06,0.9985191071528955,-1.5999734870320026e-09
299,-2.602522419792308e-09,COMPLETE,0.002130022262002792,17,70,8.692460827348317e-07,1.498219122415659e-05,0.3760371927521594,-2.602522419792308e-09
