permno,sector,own_rate,other_rate,diff
90444,Utilities & Telecom,0.00040453076,0.0062302058,-0.005825675
70519,Financials,0.018483944,0.0082860235,0.010197921
83976,Consumer,0.008722695,0.004557639,0.0041650557
77857,Financials,0.015963405,0.005632576,0.01033083
12490,Technology,0.0009101942,0.004814795,-0.003904601
23085,Utilities & Telecom,0.0,0.0040269196,-0.0040269196
89882,Financials,0.0043876027,0.004096731,0.0002908716
92655,Financials,0.000373413,0.0047412375,-0.0043678246
10952,Financials,0.014609784,0.00817632,0.0064334637
29647,Utilities & Telecom,0.0,0.005613676,-0.005613676
62068,Financials,0.010268858,0.00983901,0.00042984728
81044,Industrials,0.005764563,0.004682883,0.00108168
93094,Energy & Mining,0.004550971,0.004082683,0.00046828808
79235,Financials,0.014469754,0.005608579,0.008861175
18956,Financials,0.021517923,0.007195848,0.014322075
91707,Energy & Mining,0.005157767,0.011598379,-0.0064406125
23931,Utilities & Telecom,0.005461165,0.001966409,0.0034947563
78059,Financials,0.005787901,0.007086145,-0.0012982441
91567,Financials,0.013862957,0.005519445,0.008343512
52936,Financials,0.006721434,0.004316137,0.002405297
76136,Financials,0.01923077,0.007315835,0.011914935
75183,Financials,0.018343912,0.008529428,0.009814484
87043,Technology,0.0071804207,0.0047554346,0.002424986
18964,Financials,0.01549664,0.0071238554,0.008372784
77920,Financials,0.0039208364,0.0033802313,0.00054060505
89056,Financials,0.018437266,0.0042132908,0.014223976
27909,Consumer,0.002351335,0.0041842256,-0.0018328906
84781,Financials,0.005974608,0.005516017,0.00045859115
86754,Financials,0.011855862,0.0053377487,0.0065181134
39731,Utilities & Telecom,0.0,0.004270287,-0.004270287
88310,Financials,0.010969006,0.006541057,0.0044279494
90312,Industrials,0.012135923,0.0042706574,0.007865265
77120,Financials,0.0057879016,0.007463249,-0.0016753473
92854,Industrials,0.030339807,0.0029515356,0.027388271
90340,Financials,0.02319828,0.016503483,0.0066947974
10693,Healthcare,0.0144114075,0.0067530535,0.007658354
85636,Financials,0.017130323,0.007730651,0.009399671
13928,Energy & Mining,0.0014158576,0.009583421,-0.008167563
91133,Financials,0.0107823005,0.0053754593,0.005406841
80725,Financials,0.022731515,0.007093001,0.015638513
91629,Financials,0.01409634,0.005385744,0.008710597
93054,Financials,0.01727035,0.0029654158,0.014304935
90373,Financials,0.0107823005,0.004525259,0.0062570414
89049,Financials,0.0052277823,0.007384401,-0.0021566185
86942,Financials,0.024411876,0.005159481,0.019252395
77925,Financials,0.010175505,0.004295568,0.0058799367
62498,Industrials,0.01314725,0.0037792847,0.009367965
88660,Energy & Mining,0.00020226538,0.006394443,-0.0061921775
89810,Industrials,0.022754854,0.010820097,0.011934756
86949,Industrials,0.01355178,0.0032549335,0.010296847
75459,Financials,0.016990293,0.0060679615,0.010922331
71079,Financials,0.020257656,0.0068358835,0.013421772
90103,Financials,0.02641897,0.0065067746,0.019912196
85414,Financials,0.012042568,0.005306895,0.006735673
79226,Financials,0.009522032,0.0070484346,0.0024735974
92543,Financials,0.012836073,0.0025951676,0.010240905
61815,Energy & Mining,0.0,0.0056029707,-0.0056029707
87666,Financials,0.01479649,0.005409742,0.009386748
89053,Financials,0.006581404,0.0041241567,0.002457247
20053,Financials,0.0005601195,0.007843783,-0.0072836634
24969,Utilities & Telecom,0.0,0.004555838,-0.004555838
79918,Financials,0.016803585,0.004895508,0.011908077
14752,Financials,0.00056011946,0.0051834784,-0.004623359
91801,Financials,0.00704817,0.0076175192,-0.00056934915
71722,Financials,0.0009802091,0.0050120675,-0.0040318584
32942,Technology,0.005360032,0.0061141304,-0.0007540984
80204,Energy & Mining,0.0046521034,0.0037463065,0.0009057969
92010,Financials,0.002847274,0.0049126493,-0.0020653752
89236,Financials,0.0007935026,0.004436125,-0.0036426224
90050,Financials,0.01353622,0.0050772033,0.008459017
60206,Consumer,0.002503034,0.005834578,-0.003331544
85254,Consumer,0.0018203884,0.0034007253,-0.001580337
79644,Consumer,0.0052336166,0.0039775153,0.0012561013
77878,Financials,0.005274459,0.00386704,0.0014074189
82932,Industrials,0.0,0.00416183,-0.00416183
17830,Industrials,0.0207322,0.0062823184,0.014449881
79663,Energy & Mining,0.0,0.003858432,-0.003858432
93093,Utilities & Telecom,0.0,0.010062432,-0.010062432
79461,Financials,0.0133028375,0.0075832377,0.0057196
85905,Financials,0.014189694,0.0073878285,0.0068018655
82855,Utilities & Telecom,0.0,0.0039457968,-0.0039457968
90056,Financials,0.01563667,0.011988509,0.00364816
34032,Industrials,0.006169094,0.008900776,-0.0027316818
84386,Financials,0.03220687,0.0034830787,0.028723791
86556,Financials,0.0069081406,0.0050429213,0.0018652193
32870,Consumer,0.00022754855,0.0024571908,-0.0022296421
28484,Energy & Mining,0.0,0.005233616,-0.005233616
47941,Industrials,0.003843042,0.0043168264,-0.00047378428
32678,Industrials,0.0059668287,0.008511635,-0.0025448059
91547,Technology,0.007483819,0.006222958,0.0012608608
89428,Financials,0.02791262,0.0068324553,0.021080166
93026,Financials,0.02072442,0.0067844605,0.013939959
90993,Financials,0.01960418,0.0052863252,0.014317855
31500,Financials,0.01769044,0.0058314134,0.011859028
83011,Consumer,0.0047785197,0.004737678,4.0841755e-05
89541,Energy & Mining,0.0020226538,0.0101242615,-0.008101608
92271,Financials,0.0017270352,0.002739153,-0.001012118
75152,Financials,0.010128827,0.0071718507,0.0029569762
91237,Utilities & Telecom,0.0,0.0041372464,-0.0041372464
88593,Financials,0.0040608663,0.002221491,0.0018393754
90041,Financials,0.017877148,0.0046829577,0.01319419
54199,Utilities & Telecom,0.0,0.002307123,-0.002307123
79444,Energy & Mining,0.006371359,0.017062843,-0.010691484
89840,Financials,0.009615385,0.008536285,0.0010791002
22293,Industrials,0.016585762,0.008653441,0.00793232
88391,Energy & Mining,0.0,0.0048576663,-0.0048576663
89812,Financials,0.016663555,0.009208217,0.007455338
85645,Consumer,0.0,0.00445095,-0.00445095
75825,Energy & Mining,0.0,0.004089278,-0.004089278
86223,Utilities & Telecom,0.0,0.013323555,-0.013323555
89016,Energy & Mining,0.0,0.0071430453,-0.0071430453
89437,Financials,0.0014469753,0.00481323,-0.0033662547
77691,Financials,0.01465646,0.0037059127,0.010950547
82298,Energy & Mining,0.012439321,0.006387848,0.006051473
78077,Industrials,0.0023260517,0.008204938,-0.005878886
50702,Financials,0.01465646,0.008135181,0.006521279
89766,Financials,0.01867065,0.007154709,0.0115159415
59408,Financials,0.02473861,0.009537326,0.015201284
87445,Technology,0.00788835,0.008518231,-0.0006298814
89139,Financials,0.004901046,0.005831414,-0.00093036797
35991,Industrials,0.009000809,0.003317592,0.005683217
10874,Industrials,0.01688916,0.0067473087,0.010141851
64929,Energy & Mining,0.010517799,0.0088645,0.0016532997
37284,Energy & Mining,0.007787217,0.0048939423,0.0028932746
80008,Financials,0.020397685,0.0076895123,0.012708173
88873,Technology,0.0028317152,0.0034099303,-0.0005782151
62391,Financials,0.0010735623,0.009479047,-0.008405484
90685,Financials,0.0301531,0.010925759,0.01922734
78170,Energy & Mining,0.0023260517,0.0117368875,-0.009410836
79667,Consumer,0.0018962378,0.0070048277,-0.00510859
90067,Energy & Mining,0.0027305826,0.004798306,-0.0020677235
65947,Financials,0.015776698,0.005372031,0.010404667
64194,Financials,0.012322629,0.007878065,0.0044445638
40539,Consumer,0.0021996358,0.0035007473,-0.0013011114
79049,Financials,0.01923077,0.0064382097,0.01279256
89199,Financials,0.008075057,0.007408398,0.0006666584
27511,Financials,0.020397684,0.006517059,0.013880624
28345,Energy & Mining,0.0043487055,0.009454807,-0.0051061017
69761,Financials,0.023478342,0.006479348,0.016998995
88673,Consumer,0.005840413,0.004227569,0.001612844
92528,Industrials,0.0,0.003683648,-0.003683648
12076,Consumer,0.0024271845,0.0050544115,-0.002627227
38093,Financials,0.019324124,0.006527343,0.012796781
75274,Financials,0.0038274834,0.008135182,-0.0043076985
85246,Financials,0.011622479,0.007579809,0.00404267
75269,Financials,0.015169903,0.0059925406,0.009177363
89892,Financials,0.00401419,0.0076997974,-0.0036856076
47706,Industrials,0.007989482,0.0071364497,0.00085303234
75157,Financials,0.019324122,0.005022352,0.014301769
77860,Financials,0.008121733,0.0060439636,0.002077769
85265,Financials,0.021331217,0.00902652,0.012304697
86560,Utilities & Telecom,0.009101941,0.011113779,-0.0020118374
82646,Utilities & Telecom,0.004854369,0.0044455114,0.0004088576
92618,Consumer,0.008267596,0.003817481,0.0044501154
93123,Healthcare,0.0013652912,0.004446576,-0.0030812847
89217,Consumer,0.012060073,0.007498267,0.004561806
79210,Financials,0.026092231,0.0067741754,0.019318055
23229,Utilities & Telecom,0.0,0.0037121645,-0.0037121645
50585,Financials,0.0130227795,0.0032876697,0.009735109
14277,Consumer,0.0036407765,0.0049143815,-0.001273605
84365,Industrials,0.019316344,0.0051676603,0.014148683
10065,Financials,0.020024272,0.006931875,0.013092397
79777,Financials,0.012042569,0.005437168,0.006605401
77124,Financials,0.0049943994,0.006568482,-0.0015740828
90999,Energy & Mining,0.0056634303,0.009151408,-0.0034879781
89304,Utilities & Telecom,0.0,0.01235982,-0.01235982
86033,Financials,0.015823375,0.007785503,0.008037873
91684,Financials,0.01923077,0.0072781253,0.011952644
80681,Financials,0.016710231,0.0062428005,0.010467431
26710,Financials,0.008775205,0.0051354836,0.0036397218
92793,Energy & Mining,0.00030339806,0.008102708,-0.0077993097
81655,Consumer,0.0033373786,0.005764563,-0.0024271845
19583,Financials,0.012415982,0.0064450656,0.0059709162
91321,Energy & Mining,0.00020226538,0.008762267,-0.008560002
77548,Financials,0.01176251,0.0060405354,0.0057219747
68021,Financials,0.012462659,0.0061708074,0.0062918514
76224,Technology,0.00010113269,0.0075486754,-0.0074475426
80168,Financials,0.0009802091,0.0043949867,-0.0034147776
88845,Financials,0.0,0.0038670395,-0.0038670395
86896,Financials,0.015169903,0.004994926,0.010174977
81046,Industrials,0.008191748,0.0052303188,0.0029614288
80169,Financials,0.008541822,0.006417641,0.0021241815
10890,Technology,0.016990291,0.005124789,0.011865502
85349,Industrials,0.0068770223,0.006318594,0.00055842847
89842,Financials,0.020397684,0.0058416985,0.014555985
58675,Energy & Mining,0.00010113269,0.0059525375,-0.0058514047
91374,Financials,0.02394511,0.0076963687,0.01624874
16678,Consumer,0.0,0.0027439187,-0.0027439187
79665,Financials,0.0008401793,0.0048543694,-0.0040141903
88683,Technology,0.0037419095,0.0039474727,-0.00020556315
15202,Energy & Mining,0.001618123,0.0045872466,-0.0029691234
22779,Technology,0.0018203884,0.003449504,-0.0016291157
90756,Industrials,0.01769822,0.004593842,0.013104379
11731,Consumer,0.004095874,0.005247786,-0.0011519124
83264,Industrials,0.0207322,0.008732588,0.011999612
92406,Financials,0.0064880503,0.007476962,-0.0009889118
84660,Consumer,0.0,0.0042108987,-0.0042108987
71271,Financials,0.01479649,0.005430311,0.009366179
83822,Consumer,0.0073574027,0.0037174597,0.003639943
89155,Consumer,0.009632888,0.00521778,0.0044151084
89349,Energy & Mining,0.0028317152,0.0035847141,-0.000752999
89063,Financials,0.0108756535,0.0093864845,0.001489169
91974,Financials,0.028379384,0.007823213,0.02055617
83445,Energy & Mining,0.006169094,0.008557804,-0.0023887102
89952,Energy & Mining,0.0037419095,0.006153704,-0.0024117946
88885,Utilities & Telecom,0.0,0.005029593,-0.005029593
76082,Energy & Mining,0.002528317,0.005840413,-0.0033120958
92154,Technology,0.0035396442,0.008287384,-0.00474774
85269,Energy & Mining,0.007079288,0.0054084,0.0016708877
27334,Energy & Mining,0.0023260517,0.009349277,-0.0070232255
66800,Financials,0.0077016433,0.0065684817,0.0011331616
35044,Financials,0.01895071,0.008056333,0.010894377
76478,Technology,0.00020226538,0.006051472,-0.0058492064
90376,Financials,0.028005974,0.0061673797,0.021838594
65294,Financials,0.00093353254,0.0048338,-0.0039002672
87268,Industrials,0.012135923,0.007855372,0.0042805513
79225,Financials,0.021797983,0.00659248,0.0152055025
18622,Financials,0.01521658,0.007518101,0.0076984786
82196,Energy & Mining,0.010517798,0.013972798,-0.003455
79244,Industrials,0.011933657,0.008475359,0.0034582987
44601,Industrials,0.0024271847,0.005945943,-0.003518758
23182,Utilities & Telecom,0.0,0.0065125125,-0.0065125125
85942,Financials,0.0039208364,0.006403927,-0.0024830909
56223,Industrials,0.0,0.0056590335,-0.0056590335
77309,Financials,0.01811053,0.00402131,0.014089221
82800,Energy & Mining,0.0,0.0033076985,-0.0033076985
91594,Industrials,0.030238673,0.003469291,0.026769383
67360,Utilities & Telecom,0.0068770223,0.004555838,0.0023211841
75466,Financials,0.020117627,0.0047926605,0.015324967
91125,Industrials,0.0021237864,0.0057052025,-0.003581416
86810,Industrials,0.016990291,0.0038815164,0.013108775
39917,Industrials,0.015372168,0.006711033,0.008661135
89783,Financials,0.0052277823,0.008358017,-0.0031302343
24440,Utilities & Telecom,0.0,0.004818675,-0.004818675
90066,Financials,0.01853062,0.004460123,0.014070498
89406,Industrials,0.006169094,0.008871095,-0.0027020015
83443,Financials,0.020631067,0.006006253,0.0146248145
71176,Industrials,0.013046117,0.0029218553,0.0101242615
88895,Industrials,0.022653723,0.0072782557,0.015375467
75065,Financials,0.002007095,0.009163651,-0.0071565555
19350,Industrials,0.0,0.0059261555,-0.0059261555
75082,Financials,0.005694548,0.0051457686,0.0005487795
77638,Financials,0.022731517,0.00916365,0.013567867
87137,Energy & Mining,0.0018203884,0.009181089,-0.0073607005
71159,Financials,0.018483944,0.0056531457,0.0128307985
92913,Technology,0.0011124596,0.005464463,-0.0043520033
82292,Financials,0.0015403286,0.0059822546,-0.0044419263
38746,Financials,0.00028005976,0.0039116065,-0.0036315466
89436,Financials,0.009008588,0.004586967,0.004421621
76602,Financials,0.0107823005,0.0058416985,0.004940602
76605,Consumer,0.007205704,0.004157554,0.0030481503
89438,Financials,0.0042942497,0.004172152,0.00012209779
75239,Financials,0.0066747568,0.0037984755,0.0028762813
61567,Industrials,0.01881068,0.007885051,0.010925629
17929,Utilities & Telecom,0.0,0.005263226,-0.005263226
41080,Industrials,0.0010113268,0.0058766888,-0.004865362
77768,Industrials,0.0026294498,0.0045146947,-0.0018852449
24248,Utilities & Telecom,0.0,0.003202715,-0.003202715
56274,Consumer,0.0046268203,0.0035874322,0.0010393881
90520,Industrials,0.0084951455,0.0071991086,0.0012960369
77469,Financials,0.0058812546,0.006277083,-0.0003958284
69892,Energy & Mining,0.0,0.00518415,-0.00518415
82924,Industrials,0.01466424,0.005170958,0.009493282
86115,Technology,0.0,0.008432487,-0.008432487
80072,Financials,0.008821881,0.006472492,0.0023493893
91301,Financials,0.01741038,0.010216116,0.007194265
92517,Financials,0.017363705,0.0037161978,0.013647507
89581,Utilities & Telecom,0.0,0.007904574,-0.007904574
77236,Energy & Mining,0.0,0.0055864817,-0.0055864817
91119,Financials,0.014376401,0.00765523,0.006721171
38703,Financials,0.0084484685,0.009167079,-0.00071861036
92597,Industrials,0.0009101942,0.0031691906,-0.0022589965
75275,Financials,0.00704817,0.0043469914,0.0027011787
92044,Industrials,0.0,0.006305403,-0.006305403
86416,Financials,0.013162808,0.0061810925,0.006981715
66616,Financials,0.0109223295,0.0074289674,0.003493362
43449,Consumer,0.009557039,0.0035240853,0.006032953
89550,Financials,0.0025672144,0.00616738,-0.0036001657
51925,Financials,0.0055078417,0.004940075,0.00056776684
82649,Industrials,0.0052588996,0.003228551,0.0020303486
75642,Financials,0.0046209856,0.005392601,-0.0007716152
89238,Financials,0.02221807,0.008813971,0.0134041
11628,Financials,0.012976102,0.008436866,0.0045392355
64805,Financials,0.015589993,0.008471148,0.0071188454
83188,Energy & Mining,0.010315534,0.0037594975,0.006556036
75341,Financials,0.011762509,0.009077944,0.0026845653
89183,Financials,0.012042569,0.010123554,0.0019190153
91991,Financials,0.009055266,0.0045252596,0.0045300066
89068,Utilities & Telecom,0.0,0.011003453,-0.011003453
10629,Financials,0.005181105,0.005577725,-0.00039662002
81774,Energy & Mining,0.0027305826,0.012541552,-0.009810969
85763,Financials,0.013909634,0.006973013,0.0069366214
78927,Financials,0.0107823005,0.0066233343,0.0041589662
75075,Financials,0.000746826,0.0027014427,-0.0019546167
85627,Consumer,0.0019720874,0.0068081194,-0.004836032
76185,Technology,0.012338188,0.005128087,0.0072101005
79859,Financials,0.026605677,0.007552384,0.019053293
85951,Consumer,0.011074029,0.003930839,0.00714319
76083,Financials,0.004107543,0.005632576,-0.0015250333
91416,Consumer,0.0,0.005324469,-0.005324469
49322,Financials,0.011529127,0.011374856,0.00015427079
87033,Financials,0.016243465,0.005533158,0.010710307
90783,Consumer,0.00030339806,0.0077783256,-0.0074749277
49015,Financials,0.014703136,0.0069935825,0.0077095535
62367,Financials,0.016663553,0.0114125665,0.0052509867
51131,Financials,0.00023338312,0.0031231144,-0.0028897312
46922,Consumer,0.017976334,0.0035907659,0.014385568
85917,Financials,0.0053211353,0.008203746,-0.0028826105
78916,Healthcare,0.00030339806,0.0068541868,-0.006550789
40125,Technology,0.0,0.009035985,-0.009035985
32707,Energy & Mining,0.005764563,0.0070573026,-0.0012927395
75240,Financials,0.0016803584,0.0047035273,-0.003023169
91135,Energy & Mining,0.0034385112,0.01467853,-0.011240019
50876,Healthcare,0.00015169903,0.006276751,-0.006125052
90753,Financials,0.02459858,0.006280511,0.018318068
89788,Financials,0.015683345,0.0062702266,0.009413119
77895,Financials,0.007654967,0.0032431022,0.0044118646
80717,Utilities & Telecom,0.0,0.004750532,-0.004750532
77516,Consumer,0.002047937,0.005444495,-0.003396558
56936,Financials,0.015730023,0.011086885,0.0046431385
89269,Financials,0.008588499,0.0048440844,0.003744415
78763,Consumer,0.0,0.0028739467,-0.0028739467
64186,Financials,0.007654966,0.004436125,0.0032188408
20204,Industrials,0.0,0.004917027,-0.004917027
89653,Financials,0.010222181,0.008279167,0.0019430136
89011,Financials,0.0069548166,0.004820087,0.0021347296
83604,Utilities & Telecom,0.0,0.003575879,-0.003575879
92570,Industrials,0.005461165,0.0064043375,-0.00094317226
67467,Consumer,0.02032767,0.0039008325,0.016426839
89335,Utilities & Telecom,0.0006067961,0.0049874103,-0.004380614
85653,Financials,0.00774832,0.008868822,-0.0011205021
76246,Financials,0.011389096,0.007545527,0.0038435692
87204,Industrials,0.0030339805,0.007970794,-0.0049368134
34497,Consumer,0.00083434465,0.004277579,-0.0034432344
90562,Consumer,0.024878642,0.00798837,0.016890272
92648,Industrials,0.01506877,0.0058206255,0.009248145
89398,Technology,0.0010113268,0.003228551,-0.0022172243
92729,Industrials,0.0037419095,0.0058569014,-0.002114992
75263,Financials,0.016290141,0.006589052,0.00970109
75887,Financials,0.0008401793,0.0044121277,-0.0035719485
42585,Consumer,7.5849515e-05,0.003930839,-0.0038549893
89282,Financials,0.0083551165,0.0051766224,0.003178494
85419,Healthcare,0.013197816,0.0066714953,0.0065263207
91635,Financials,0.023665048,0.010442378,0.01322267
59619,Consumer,0.0053853155,0.0046109837,0.00077433186
81132,Technology,0.010720066,0.0050555347,0.005664531
80828,Industrials,0.0,0.005081917,-0.005081917
92530,Utilities & Telecom,0.0020226536,0.004409818,-0.0023871644
62359,Financials,0.0021471246,0.009191075,-0.0070439507
54594,Industrials,0.00040453076,0.0045015034,-0.0040969728
91875,Financials,0.021984693,0.004751522,0.01723317
90114,Financials,0.01741038,0.0067741764,0.010636205
89361,Financials,0.005134429,0.0070072953,-0.0018728664
25785,Industrials,0.009203075,0.0070968764,0.002106199
89648,Energy & Mining,0.00030339806,0.004982983,-0.0046795853
79356,Financials,0.017597087,0.0034556524,0.014141435
61778,Technology,0.005258899,0.002737178,0.0025217212
51086,Industrials,0.0017192556,0.004029918,-0.0023106625
77928,Consumer,0.0,0.0032473595,-0.0032473595
91037,Energy & Mining,0.0022249192,0.0067703933,-0.0045454744
78841,Energy & Mining,0.0006067961,0.0050852154,-0.004478419
93150,Financials,0.011155713,0.007216417,0.003939296
77369,Financials,0.0011669156,0.0070998576,-0.005932942
70033,Industrials,0.0043487055,0.0040793847,0.0002693208
89745,Financials,0.012229275,0.005310323,0.006918952
76613,Technology,0.014563107,0.0107970135,0.0037660934
19561,Industrials,0.0033373786,0.0052204253,-0.0018830467
92949,Utilities & Telecom,0.03418285,0.0054157367,0.028767113
17961,Industrials,0.00010113269,0.0048807515,-0.0047796187
82213,Financials,0.016803585,0.0058691246,0.010934461
37584,Financials,0.012089246,0.006750178,0.005339068
75622,Financials,0.019370796,0.012341615,0.0070291813
92240,Financials,0.015076549,0.010627503,0.004449046
45495,Energy & Mining,0.012338188,0.006770394,0.0055677937
75885,Financials,0.002240478,0.005320608,-0.00308013
71563,Financials,0.0061146375,0.0051389122,0.00097572524
21207,Energy & Mining,0.0040453076,0.006249341,-0.0022040335
92602,Consumer,0.0055370145,0.0030873255,0.002449689
88411,Utilities & Telecom,0.0,0.002628368,-0.002628368
81133,Utilities & Telecom,0.0,0.0041567157,-0.0041567157
76477,Industrials,0.0008090615,0.0043234224,-0.0035143609
89301,Consumer,0.002351335,0.0033140401,-0.0009627051
81284,Financials,0.01134242,0.005752564,0.0055898563
75465,Financials,0.010035475,0.007542099,0.002493376
61743,Industrials,0.0041464404,0.0074596354,-0.003313195
16126,Technology,0.0,0.0062328517,-0.0062328517
17144,Consumer,0.0005309466,0.00134362,-0.0008126734
89901,Energy & Mining,0.008090614,0.0116841225,-0.0035935082
41187,Financials,0.0011669156,0.0032636719,-0.0020967564
89786,Financials,0.011902539,0.006530771,0.005371768
91582,Financials,0.0064413743,0.0035824967,0.0028588776
10866,Consumer,0.0038683251,0.0067447727,-0.0028764475
86869,Utilities & Telecom,0.0,0.0029236542,-0.0029236542
76644,Industrials,0.0,0.0056029707,-0.0056029707
85427,Consumer,0.0,0.0037041234,-0.0037041234
79139,Financials,0.0109223295,0.005937688,0.0049846414
86979,Technology,0.0028317152,0.0071694283,-0.004337713
81035,Financials,0.0053678113,0.003993884,0.0013739271
73219,Industrials,0.008798544,0.0053490396,0.0034495047
89630,Energy & Mining,0.0,0.0059426446,-0.0059426446
82634,Consumer,0.010694781,0.005914595,0.0047801863
81299,Financials,0.00676811,0.0050497777,0.0017183325
86871,Financials,0.015263256,0.004593824,0.010669432
78852,Financials,0.0016336818,0.005817701,-0.0041840193
11018,Financials,0.0017737118,0.008923675,-0.007149963
87280,Utilities & Telecom,0.0,0.0042345934,-0.0042345934
10606,Industrials,0.0055622975,0.006308701,-0.00074640336
86339,Financials,0.0071882,0.0039596017,0.0032285983
58413,Financials,0.013209484,0.005430311,0.0077791726
65875,Utilities & Telecom,0.0,0.003822491,-0.003822491
47511,Industrials,0.009000809,0.0054545696,0.0035462393
92121,Financials,0.016103435,0.005080632,0.011022803
80779,Financials,0.0107823005,0.0038944657,0.0068878345
85237,Utilities & Telecom,0.001618123,0.0068077976,-0.0051896744
61313,Industrials,0.010517798,0.0058832844,0.004634514
84372,Technology,0.010113269,0.00476203,0.005351239
85348,Consumer,0.026699029,0.0058779204,0.02082111
87128,Utilities & Telecom,0.0036407765,0.007164737,-0.0035239607
52396,Industrials,0.012742718,0.0049631963,0.0077795214
90267,Financials,0.016430171,0.0062633697,0.0101668015
91859,Financials,0.010222181,0.0025985958,0.007623585
92257,Technology,0.0,0.0067011397,-0.0067011397
43772,Industrials,0.00020226538,0.0059558363,-0.0057535707
89348,Financials,0.016523525,0.008399155,0.00812437
90073,Financials,0.017176997,0.007977484,0.009199513
89517,Financials,0.0107823005,0.0047275247,0.006054776
58819,Utilities & Telecom,0.0,0.0039295726,-0.0039295726
86111,Financials,0.0077949963,0.0048475126,0.0029474837
93071,Consumer,0.0012894417,0.0038241493,-0.0025347075
21186,Industrials,0.010618933,0.0044784187,0.006140514
91044,Utilities & Telecom,0.0,0.013271638,-0.013271638
86802,Financials,0.011295742,0.012283336,-0.000987594
79447,Financials,0.013209484,0.0048646536,0.00834483
11809,Utilities & Telecom,0.0,0.0025115516,-0.0025115516
90700,Consumer,0.008646845,0.0028739467,0.005772898
50017,Energy & Mining,0.021440128,0.0060613654,0.015378762
57154,Industrials,0.00040453076,0.005879986,-0.0054754554
79048,Financials,0.0,0.0060645337,-0.0060645337
29938,Consumer,0.00037924756,0.004617652,-0.0042384043
56565,Financials,0.009755414,0.00637993,0.0033754841
21936,Healthcare,0.0,0.005239326,-0.005239326
75104,Utilities & Telecom,0.0,0.008303697,-0.008303697
52337,Healthcare,0.009860436,0.007036877,0.0028235596
80307,Healthcare,0.04323422,0.014537008,0.028697215
90701,Financials,0.023711724,0.0055400147,0.018171709
85926,Industrials,0.0050566345,0.0049598985,9.673601e-05
63467,Financials,0.017363705,0.008059761,0.009303944
91305,Energy & Mining,0.0,0.012538254,-0.012538254
81521,Consumer,0.012894417,0.00666142,0.006232997
89327,Consumer,0.0050819176,0.0041308813,0.00095103635
79547,Financials,0.016990291,0.006931874,0.010058417
92143,Technology,0.0042475727,0.004864262,-0.0006166892
24643,Industrials,0.015877832,0.0059888144,0.009889018
92123,Financials,0.0037341302,0.0036133507,0.0001207795
17750,Industrials,0.007686084,0.0059690266,0.0017170575
85592,Financials,0.031460043,0.008255169,0.023204874
85914,Technology,0.008596279,0.0047785193,0.0038177595
84820,Financials,0.0007001494,0.013736904,-0.013036754
70295,Financials,0.02599888,0.008303165,0.017695714
88284,Healthcare,0.0,0.01128445,-0.01128445
43350,Industrials,0.012641586,0.00965927,0.0029823165
93013,Consumer,0.00030339806,0.0029072869,-0.0026038887
89879,Financials,0.0043876027,0.00574228,-0.0013546771
80928,Consumer,0.0,0.008328443,-0.008328443
77129,Financials,0.018577296,0.0072369864,0.01134031
76732,Consumer,0.0052336166,0.0077916626,-0.002558046
91978,Financials,0.028426062,0.0063422197,0.022083843
89207,Healthcare,0.0,0.0077023953,-0.0077023953
90042,Financials,0.0107823005,0.0067227525,0.004059548
86341,Energy & Mining,0.0044498383,0.007746544,-0.003296706
89784,Financials,0.020070948,0.008001481,0.0120694665
51692,Consumer,0.0,0.0035907659,-0.0035907659
89256,Financials,0.009708738,0.005186907,0.004521831
90612,Financials,0.013162808,0.008121469,0.0050413385
91568,Financials,0.019184094,0.008882536,0.010301558
70797,Financials,0.019697536,0.0043709893,0.0153265465
60687,Financials,0.018717326,0.0068873074,0.011830019
63132,Industrials,0.0,0.004109065,-0.004109065
32986,Utilities & Telecom,0.0,0.0065125125,-0.0065125125
26470,Energy & Mining,0.0007079288,0.0075849514,-0.006877023
92945,Financials,0.011575803,0.004816659,0.0067591444
92999,Financials,0.021751307,0.005581153,0.016170153
75034,Industrials,0.013147249,0.0059822183,0.0071650306
84319,Consumer,0.00022754855,0.005197776,-0.0049702274
79237,Energy & Mining,0.0059668287,0.00880514,-0.0028383113
87184,Technology,0.0,0.0041057677,-0.0041057677
21928,Utilities & Telecom,0.0,0.0043935934,-0.0043935934
17523,Technology,0.0,0.003630883,-0.003630883
85259,Financials,0.023198284,0.0051114857,0.018086798
46463,Industrials,0.007686084,0.0091843875,-0.0014983034
90675,Financials,0.017223675,0.008724837,0.008498838
28388,Financials,0.019137416,0.0060542487,0.013083167
81055,Financials,0.014423077,0.005553727,0.00886935
88659,Financials,0.0083551165,0.005834842,0.0025202744
77607,Financials,0.0108289765,0.0072781253,0.0035508513
80688,Financials,0.016103435,0.006369645,0.0097337905
76123,Financials,0.014423077,0.0077169384,0.0067061386
91457,Utilities & Telecom,0.015372168,0.0070349406,0.008337228
93117,Financials,0.018063854,0.0033528057,0.014711048
90979,Consumer,0.0035649273,0.0045409687,-0.0009760414
92259,Consumer,0.00037924756,0.0061946544,-0.005815407
90068,Financials,0.025438763,0.0061330977,0.019305665
76655,Industrials,0.012439321,0.0031362125,0.009303108
88373,Financials,0.0025672142,0.0035550713,-0.0009878571
30680,Industrials,0.0012135921,0.006598908,-0.005385316
71175,Financials,0.011949215,0.005581153,0.006368062
79362,Energy & Mining,0.0,0.007073791,-0.007073791
77478,Consumer,0.0,0.0037007895,-0.0037007895
75100,Consumer,0.016535193,0.0070248316,0.009510361
92118,Utilities & Telecom,0.0,0.0077098794,-0.0077098794
86121,Consumer,0.0,0.008465139,-0.008465139
22103,Industrials,0.009101941,0.007268362,0.001833579
80866,Financials,0.025765497,0.00632165,0.019443847
17743,Financials,0.019277446,0.005293181,0.013984265
75819,Financials,0.010595594,0.005080632,0.0055149617
92980,Financials,0.018437268,0.007699797,0.010737471
84176,Industrials,0.0024271845,0.0036176923,-0.0011905078
86136,Utilities & Telecom,0.00020226538,0.0039036137,-0.0037013483
75346,Financials,0.0007001494,0.004830371,-0.004130222
53197,Technology,0.012944984,0.0071133655,0.005831619
11267,Consumer,0.00621966,0.0040975404,0.0021221195
76226,Utilities & Telecom,0.0,0.008624941,-0.008624941
59555,Industrials,0.011326861,0.004870858,0.0064560026
17478,Financials,0.006861464,0.005162909,0.001698555
20512,Technology,0.005562298,0.0052665947,0.0002957033
75649,Industrials,0.0017192556,0.0024964386,-0.000777183
89946,Financials,0.0008401793,0.006153667,-0.0053134877
92550,Financials,0.004294249,0.004569826,-0.00027557695
84042,Consumer,0.0046268203,0.0040508644,0.00057595596
83421,Consumer,0.0065230583,0.006381361,0.00014169747
64653,Financials,0.011482449,0.0073295487,0.0041529005
29867,Consumer,0.0072057038,0.007021498,0.00018420583
90037,Financials,0.006207991,0.0046143928,0.0015935982
77117,Industrials,0.01203479,0.0058470084,0.006187781
75401,Financials,0.0061613144,0.006064533,9.6781645e-05
90162,Financials,0.0107823005,0.008471147,0.0023111533
91977,Consumer,0.0,0.005444495,-0.005444495
10516,Consumer,0.0,0.004587645,-0.004587645
63781,Energy & Mining,0.0034385112,0.015037991,-0.01159948
79323,Financials,0.0074682604,0.0072061326,0.00026212772
79094,Technology,0.0,0.0060349833,-0.0060349833
57904,Financials,0.008821881,0.011789671,-0.0029677898
75381,Financials,0.011622479,0.006489633,0.005132846
88392,Industrials,0.010720064,0.0044883126,0.0062317513
91234,Industrials,0.0008090615,0.009342681,-0.008533619
90998,Financials,0.015449963,0.0043229936,0.011126969
80401,Financials,0.020444361,0.002982557,0.017461805
34948,Consumer,0.010618932,0.0061546457,0.004464286
15456,Consumer,0.0,0.0041042087,-0.0041042087
76804,Financials,0.022824867,0.012009078,0.010815789
84656,Industrials,0.009101941,0.0061734915,0.0029284498
83728,Financials,0.011435772,0.005687428,0.005748344
89854,Financials,4.6676625e-05,0.0036064945,-0.0035598178
34673,Industrials,0.00040453076,0.0033637614,-0.0029592307
60442,Financials,0.0023338313,0.0064313533,-0.0040975222
12503,Industrials,0.008394013,0.008379722,1.4291145e-05
84392,Financials,0.01409634,0.008525999,0.005570341
91584,Energy & Mining,0.026395632,0.0051017045,0.021293927
76573,Industrials,0.012135923,0.007852074,0.004283849
89551,Financials,0.0031273337,0.0039184634,-0.00079112966
78947,Financials,0.01395631,0.0053857444,0.008570566
61188,Energy & Mining,0.0060679615,0.0053325505,0.00073541095
78854,Financials,0.01465646,0.0054645934,0.009191867
79770,Financials,0.013489543,0.008464292,0.005025252
14541,Energy & Mining,0.0046521034,0.009576826,-0.004924723
89051,Financials,0.016803585,0.007411826,0.009391759
79238,Financials,0.011809186,0.0059993966,0.0058097895
86563,Financials,0.012882749,0.0065136305,0.006369118
90552,Financials,0.008215086,0.0058279857,0.0023871
88487,Financials,0.0131628085,0.005639433,0.0075233756
87212,Financials,0.021097835,0.0056600017,0.015437834
81912,Technology,0.0,0.0060217916,-0.0060217916
21231,Utilities & Telecom,0.0,0.0057726754,-0.0057726754
72980,Financials,0.0072348765,0.004107016,0.0031278604
90927,Financials,0.025252054,0.0058725527,0.0193795
93175,Industrials,0.003236246,0.00949438,-0.006258134
83834,Energy & Mining,0.0018203884,0.01071127,-0.008890882
68187,Financials,0.011435773,0.0066336184,0.004802155
85604,Financials,0.012556013,0.004826943,0.00772907
75650,Industrials,0.009506472,0.0091316225,0.0003748499
80682,Consumer,0.01554915,0.008695189,0.0068539614
69980,Financials,0.019510828,0.0076518026,0.011859026
79646,Financials,0.016010083,0.0073021227,0.008707961
90120,Financials,0.01853062,0.0069867256,0.011543894
18438,Industrials,0.0,0.0036275852,-0.0036275852
25081,Financials,0.0062546674,0.007915775,-0.0016611079
84083,Financials,0.0011669156,0.0077615054,-0.00659459
89855,Financials,0.000746826,0.007322692,-0.0065758657
56856,Financials,0.0057412246,0.0045835394,0.0011576852
59774,Industrials,0.022249192,0.0074167633,0.014832429
85440,Industrials,0.00020226538,0.004395974,-0.0041937083
86117,Financials,0.026885737,0.006307937,0.0205778
58334,Utilities & Telecom,0.0,0.004533124,-0.004533124
91979,Financials,0.013862957,0.004045307,0.009817651
76515,Utilities & Telecom,0.0,0.0044617364,-0.0044617364
83233,Industrials,0.015068769,0.004877453,0.010191316
90346,Industrials,0.0056634303,0.0025459055,0.0031175248
80054,Consumer,0.0038683251,0.008085058,-0.004216733
93104,Financials,0.011949216,0.0082517415,0.0036974745
79915,Energy & Mining,0.0017192558,0.008340149,-0.0066208933
76119,Financials,0.0022404778,0.005036065,-0.002795587
89184,Financials,0.016103435,0.0073466892,0.008756746
91854,Industrials,0.003539644,0.0030570652,0.00048257876
85442,Technology,0.0035396442,0.003297805,0.0002418391
43123,Industrials,0.014967638,0.0068066698,0.008160968
91040,Energy & Mining,0.0069781556,0.011037754,-0.0040595983
27828,Technology,0.010113268,0.005098406,0.005014862
77157,Industrials,0.001618123,0.004395974,-0.0027778507
65330,Financials,0.011482449,0.0049880696,0.0064943796
66835,Utilities & Telecom,0.0,0.0050360835,-0.0050360835
78089,Financials,0.016850261,0.005958258,0.010892003
75443,Financials,0.017737117,0.009197932,0.008539185
89475,Healthcare,0.0013652913,0.00467494,-0.0033096485
14816,Consumer,0.0010618932,0.0030239786,-0.0019620853
67774,Utilities & Telecom,0.0014158576,0.007719615,-0.0063037574
85789,Financials,0.02861277,0.006067961,0.022544809
78045,Industrials,0.026193365,0.005698607,0.02049476
75416,Financials,0.011435773,0.008553426,0.0028823474
89598,Financials,0.016290141,0.005368603,0.010921538
83366,Industrials,0.0069781556,0.0070935786,-0.000115423
85081,Financials,0.01232263,0.0107303485,0.0015922813
79360,Financials,0.007701643,0.0067741764,0.00092746643
89876,Consumer,7.5849515e-05,0.0058945916,-0.005818742
77073,Financials,0.011062359,0.006355932,0.0047064275
91938,Financials,0.004714339,0.0048475126,-0.00013317354
77131,Financials,0.00676811,0.006859882,-9.1771595e-05
91461,Financials,0.004620986,0.006537628,-0.0019166418
87267,Financials,0.017270353,0.0055674403,0.011702912
75331,Financials,0.011995893,0.00332538,0.008670513
86486,Financials,0.007654966,0.0073398333,0.00031513255
77501,Financials,0.015029873,0.0046658167,0.010364056
59396,Financials,0.005227782,0.007051863,-0.001824081
78061,Financials,0.0030339805,0.006037107,-0.0030031267
89708,Financials,0.012602689,0.004734381,0.007868308
80303,Industrials,0.0,0.0062823184,-0.0062823184
89839,Financials,0.011622479,0.008032335,0.0035901442
27975,Financials,0.005227782,0.011837666,-0.006609884
23579,Industrials,0.003236246,0.0071694274,-0.003933181
76274,Financials,0.006814787,0.00402131,0.0027934774
85918,Financials,0.00023338312,0.007154709,-0.0069213263
89808,Financials,0.016056757,0.0040761614,0.011980596
34817,Industrials,0.005360032,0.0032417425,0.0021182895
92951,Financials,0.011855862,0.0074803904,0.0043754717
42286,Industrials,0.007079288,0.002971322,0.004107966
90607,Financials,0.007001494,0.0054508806,0.0015506134
72996,Financials,0.009615385,0.005498876,0.004116509
91106,Financials,0.003127334,0.006187949,-0.003060615
84769,Technology,0.0,0.008270895,-0.008270895
75367,Financials,0.012322629,0.0060645337,0.006258095
76592,Consumer,0.0,0.004534301,-0.004534301
91692,Financials,0.01988424,0.0051526246,0.014731616
10375,Financials,0.010175505,0.0050874883,0.0050880164
90307,Financials,0.0055078417,0.009239071,-0.0037312293
90434,Financials,0.01755041,0.009444764,0.008105647
88612,Technology,0.0017192556,0.0049664946,-0.0032472392
89540,Consumer,0.00022754855,0.0038641577,-0.003636609
79057,Financials,0.026418973,0.006047392,0.02037158
80683,Financials,0.014423077,0.011457133,0.002965944
52679,Financials,0.02506535,0.008104328,0.016961021
77078,Energy & Mining,0.003539644,0.004264062,-0.00072441786
79891,Financials,0.0060212845,0.0050566345,0.00096464995
24109,Utilities & Telecom,0.001618123,0.004396838,-0.002778715
89179,Financials,0.0012135922,0.0048440844,-0.0036304921
90160,Healthcare,0.03792476,0.0062506525,0.031674106
75313,Financials,0.0008868559,0.006071389,-0.005184533
92188,Industrials,0.0021237864,0.008498443,-0.006374657
75475,Financials,0.0017270352,0.0050874883,-0.003360453
21055,Consumer,0.005916262,0.00507775,0.0008385121
59628,Financials,0.012556012,0.005101201,0.0074548107
87540,Energy & Mining,0.006169094,0.0049335165,0.0012355773
90839,Financials,0.020164302,0.007216417,0.012947884
85421,Utilities & Telecom,0.0,0.0060874308,-0.0060874308
85172,Financials,0.0067681107,0.0073912567,-0.0006231461
77763,Energy & Mining,0.0009101942,0.0060943435,-0.0051841494
91456,Financials,0.019557506,0.0043709893,0.015186517
91525,Financials,0.0108289765,0.0055845813,0.005244395
91914,Financials,0.00802838,0.0062428005,0.0017855791
75168,Financials,0.023945106,0.0045321155,0.01941299
25232,Utilities & Telecom,0.0,0.007015472,-0.007015472
76221,Energy & Mining,0.0075849514,0.0064175283,0.0011674231
90302,Financials,0.0035474235,0.0096676,-0.006120176
91872,Financials,0.026092231,0.006743322,0.019348908
80191,Industrials,0.020833334,0.008455572,0.012377762
14795,Industrials,0.014563107,0.006394444,0.008168663
59300,Financials,0.019557506,0.006143382,0.013414124
90827,Financials,0.02072442,0.0070175803,0.013706839
27991,Utilities & Telecom,0.0,0.00369594,-0.00369594
79452,Financials,0.012322629,0.0075592403,0.0047633885
75306,Financials,0.0,0.0022900554,-0.0022900554
75415,Financials,0.01106236,0.0057217106,0.0053406497
64995,Financials,0.0061613144,0.005701141,0.00046017347
85935,Financials,0.012275953,0.005927404,0.006348549
25320,Consumer,0.004854369,0.0025672142,0.0022871548
89553,Financials,0.006581404,0.0056222915,0.0009591123
76838,Financials,0.0032206872,0.0050909165,-0.0018702294
89629,Financials,0.0032206872,0.0064484947,-0.0032278076
70332,Energy & Mining,0.008899677,0.0059360494,0.0029636272
85947,Financials,0.018623974,0.0055263015,0.013097673
93001,Industrials,0.007787217,0.0033604633,0.0044267536
89960,Industrials,0.0022249192,0.006892413,-0.0046674935
81134,Industrials,0.015574434,0.0054809516,0.010093482
27430,Industrials,0.0008090615,0.007828989,-0.0070199277
55597,Industrials,0.007686084,0.0075849514,0.000101132784
78044,Consumer,0.0025788834,0.006998159,-0.0044192756
18411,Utilities & Telecom,0.0,0.0031280823,-0.0031280823
90371,Consumer,0.0,0.003987517,-0.003987517
92927,Financials,0.0012602689,0.0066164774,-0.0053562084
75278,Financials,0.0,0.004686386,-0.004686386
93096,Consumer,0.008950243,0.0034774083,0.005472834
82775,Financials,0.021891337,0.0106515,0.011239837
54578,Financials,0.011249065,0.009016235,0.00223283
88490,Energy & Mining,0.00050566345,0.009428425,-0.008922761
72726,Financials,0.009615385,0.006345648,0.0032697371
79561,Financials,0.0084484685,0.0059616864,0.0024867821
62930,Financials,0.012089246,0.0037744776,0.008314768
89281,Financials,0.0042008962,0.006146811,-0.0019459147
87842,Financials,0.015776698,0.004655532,0.011121165
89814,Financials,0.01923077,0.0067707477,0.012460022
29102,Energy & Mining,0.0015169904,0.0052006384,-0.003683648
40440,Technology,0.013652913,0.003855134,0.00979778
86872,Financials,0.008681852,0.004477264,0.0042045885
80183,Financials,0.012275953,0.005958258,0.0063176947
46703,Financials,0.0077016433,0.005766277,0.0019353661
79213,Industrials,0.025788836,0.004577353,0.021211483
61735,Financials,0.020957807,0.00498807,0.015969737
21792,Utilities & Telecom,0.0006067961,0.0031118584,-0.0025050621
92672,Utilities & Telecom,0.0,0.01560472,-0.01560472
32651,Energy & Mining,0.0010113268,0.003789178,-0.0027778512
91068,Consumer,0.004020024,0.0043876027,-0.00036757858
13936,Consumer,0.0,0.004801024,-0.004801024
90689,Financials,0.01881068,0.0062942244,0.012516456
91749,Financials,0.021004481,0.0052760406,0.01572844
90925,Financials,0.00704817,0.0051526246,0.0018955455
64020,Consumer,0.007205704,0.0039508427,0.0032548616
79767,Utilities & Telecom,0.0,0.005490369,-0.005490369
89852,Financials,0.022871546,0.004724096,0.01814745
88661,Industrials,0.0,0.0049170274,-0.0049170274
23799,Financials,0.0063946974,0.0027151555,0.0036795419
59248,Consumer,0.016155947,0.0054344926,0.010721454
85077,Technology,0.0,0.009421828,-0.009421828
50286,Industrials,0.0062702266,0.008900776,-0.002630549
38762,Utilities & Telecom,0.0,0.003962022,-0.003962022
86372,Technology,0.0,0.0056062685,-0.0056062685
65365,Industrials,0.0,0.0019654918,-0.0019654918
92170,Financials,0.011622479,0.006770748,0.004851731
77816,Financials,0.014049664,0.0040761614,0.009973503
67598,Financials,0.016103435,0.006085102,0.010018334
92120,Financials,0.017457057,0.007648374,0.009808683
38156,Utilities & Telecom,0.015978964,0.016766394,-0.0007874295
80185,Technology,0.0,0.00649008,-0.00649008
75846,Financials,0.012556012,0.011206873,0.001349139
85426,Financials,0.024831964,0.009365915,0.015466048
71298,Energy & Mining,0.003539644,0.0063515725,-0.0028119285
75837,Financials,0.008775205,0.004052164,0.0047230413
89964,Financials,0.011109037,0.0030785475,0.00803049
88818,Energy & Mining,0.005056634,0.013639721,-0.0085830875
60943,Industrials,0.012944984,0.0062130643,0.00673192
91691,Financials,0.01741038,0.006328506,0.011081874
68144,Financials,0.01769044,0.008851682,0.008838759
91683,Consumer,0.0,0.0056345356,-0.0056345356
63765,Energy & Mining,0.024372978,0.010717866,0.013655112
30796,Energy & Mining,0.014360841,0.010335321,0.0040255208
86593,Financials,0.007654967,0.007192419,0.00046254788
84375,Industrials,0.011124596,0.009118431,0.0020061648
90271,Energy & Mining,0.007382686,0.011684123,-0.0043014376
58318,Industrials,0.031351134,0.0058667953,0.025484338
89893,Financials,0.016150113,0.006722752,0.009427361
90105,Financials,0.018250559,0.006822171,0.011428388
86313,Financials,0.011715833,0.007473534,0.004242299
84780,Industrials,0.00030339806,0.0058470084,-0.0055436105
90303,Financials,0.020631067,0.0052966103,0.015334457
78056,Financials,0.024038462,0.0051594814,0.018878981
11308,Consumer,0.008040048,0.0026005548,0.0054394933
89284,Financials,0.018343912,0.005125199,0.013218714
48653,Financials,0.0034540703,0.0048063737,-0.0013523034
17726,Industrials,0.0092030745,0.0055337166,0.0036693579
87844,Energy & Mining,0.00030339806,0.0058371145,-0.0055337166
13901,Consumer,0.0061438107,0.0036774513,0.0024663594
85897,Financials,0.02035101,0.0061330977,0.014217911
90458,Utilities & Telecom,0.0046521034,0.0044227974,0.00022930605
78963,Consumer,0.0035649273,0.004270911,-0.00070598396
90102,Financials,0.017923824,0.0042715706,0.013652254
82656,Energy & Mining,0.012843851,0.004343209,0.008500642
90564,Healthcare,0.0,0.0060320753,-0.0060320753
80381,Financials,0.011995893,0.005951402,0.006044491
75411,Financials,0.0033140404,0.0060131093,-0.002699069
64899,Consumer,0.023209952,0.008885229,0.014324723
90338,Utilities & Telecom,0.0315534,0.009883963,0.021669436
86547,Industrials,0.005764563,0.005978921,-0.00021435786
39571,Industrials,0.0010113268,0.0046861805,-0.0036748536
80719,Industrials,0.0031351133,0.005527121,-0.0023920077
79668,Industrials,0.017799353,0.006598908,0.011200445
90202,Financials,0.011529127,0.008481433,0.0030476945
89971,Industrials,0.020125404,0.008406105,0.011719299
34833,Energy & Mining,0.0005056634,0.0056656287,-0.0051599653
39220,Industrials,0.004753236,0.0071826195,-0.0024293833
90648,Financials,0.02221807,0.0047446657,0.017473405
91626,Financials,0.016010081,0.008769404,0.0072406773
89782,Financials,0.000746826,0.007435824,-0.0066889976
90390,Financials,0.013909634,0.00790892,0.0060007144
26607,Financials,0.011389096,0.006640475,0.0047486215
86369,Financials,0.011949216,0.006695327,0.005253889
89637,Industrials,0.0034385112,0.0041816165,-0.0007431053
79233,Financials,0.0014002987,0.0043915585,-0.0029912598
89538,Financials,0.0015870052,0.0065856236,-0.0049986183
92354,Financials,0.021984689,0.007154709,0.01482998
72813,Financials,0.009895444,0.0036476331,0.006247811
69796,Consumer,0.023209952,0.010268858,0.012941094
81127,Financials,0.0038274834,0.0039287475,-0.0001012641
69999,Financials,0.0155433165,0.0065444848,0.008998832
89382,Technology,0.0006067961,0.0069781556,-0.0063713593
80784,Financials,0.018857356,0.0060816742,0.012775682
80089,Utilities & Telecom,0.0,0.004705103,-0.004705103
71810,Financials,0.012789395,0.006218803,0.0065705916
75938,Financials,0.017317027,0.0080940435,0.009222983
76118,Financials,0.017036967,0.0077923597,0.009244608
80399,Financials,0.020444363,0.004357276,0.016087087
91138,Financials,0.012182599,0.0076620863,0.0045205127
89789,Financials,0.012602689,0.009252784,0.003349905
88888,Energy & Mining,0.0,0.0059360494,-0.0059360494
90249,Technology,0.0,0.0074860174,-0.0074860174
90199,Financials,0.011109035,0.008111184,0.002997851
75623,Financials,0.0027072441,0.006619905,-0.003912661
84661,Consumer,0.0071298545,0.0046109837,0.0025188709
58975,Energy & Mining,0.0070792884,0.0037133286,0.0033659597
25590,Utilities & Telecom,0.0,0.008238799,-0.008238799
64282,Consumer,0.0,0.0022371442,-0.0022371442
80926,Energy & Mining,0.00010113269,0.0050852154,-0.0049840827
89635,Financials,0.010595594,0.006537628,0.0040579657
59459,Financials,0.017970499,0.005738851,0.012231648
24328,Energy & Mining,0.0,0.003634181,-0.003634181
82860,Consumer,0.004854369,0.008851889,-0.0039975196
92901,Financials,0.018017177,0.005680572,0.012336604
12052,Industrials,0.006169094,0.00459714,0.0015719538
61946,Utilities & Telecom,0.0,0.0033227766,-0.0033227766
85931,Financials,0.004714339,0.0058896933,-0.0011753542
75336,Financials,0.011762509,0.009218502,0.0025440073
79558,Financials,0.010969007,0.0031196862,0.007849321
90387,Consumer,0.00030339806,0.0067981174,-0.0064947195
10933,Financials,0.0155899925,0.0071135703,0.008476422
78877,Energy & Mining,0.0006067961,0.012983458,-0.012376662
89258,Financials,0.015870051,0.0049880696,0.010881982
80100,Financials,0.012976101,0.005420026,0.0075560748
19393,Healthcare,0.009101942,0.0060744863,0.0030274559
81045,Financials,0.0133028375,0.003541358,0.00976148
68419,Financials,0.024505228,0.00635936,0.018145867
89365,Financials,9.335325e-05,0.004768663,-0.0046753096
90531,Financials,0.014563107,0.00628394,0.008279167
88595,Industrials,0.0045509706,0.0061108326,-0.0015598619
89443,Financials,0.008868559,0.0055640116,0.0033045476
70121,Financials,0.023151606,0.007792359,0.015359247
85796,Industrials,0.027204692,0.0059393467,0.021265347
89968,Financials,0.00760829,0.006808458,0.00079983193
60599,Utilities & Telecom,0.0,0.007797492,-0.007797492
89911,Energy & Mining,0.0017192556,0.006308701,-0.0045894454
39693,Industrials,0.00040453076,0.007700375,-0.007295844
89649,Financials,0.0108289765,0.004576683,0.0062522935
90987,Utilities & Telecom,0.0,0.012440943,-0.012440943
88282,Utilities & Telecom,0.0,0.0027906133,-0.0027906133
89817,Utilities & Telecom,0.00020226538,0.0049874093,-0.004785144
81043,Utilities & Telecom,0.006674757,0.0059868386,0.0006879186
79363,Healthcare,0.012894417,0.004413952,0.008480465
57074,Financials,0.010035474,0.009057375,0.0009780992
89692,Energy & Mining,0.006674757,0.005504037,0.0011707204
87426,Industrials,0.006573625,0.0060679615,0.00050566345
42796,Industrials,0.0017192556,0.004834582,-0.0031153266
86218,Utilities & Telecom,0.01881068,0.0030339807,0.0157767
85425,Utilities & Telecom,0.0,0.002995042,-0.002995042
79895,Financials,0.0021004481,0.0042270035,-0.0021265554
59010,Consumer,0.0004550971,0.005151099,-0.0046960018
89707,Financials,0.01507655,0.008903105,0.006173445
29946,Consumer,0.0010618932,0.004177558,-0.0031156647
70703,Financials,0.0108289765,0.011350858,-0.0005218815
86314,Financials,0.011435773,0.0077032256,0.0037325476
77467,Financials,0.0035941,0.006067961,-0.002473861
72776,Financials,0.002007095,0.004127585,-0.00212049
89257,Financials,0.0,0.006318222,-0.006318222
29890,Energy & Mining,0.0099110035,0.004851071,0.0050599324
51916,Financials,0.006067961,0.0052486146,0.0008193464
64936,Energy & Mining,0.007281553,0.0028624947,0.0044190586
89760,Energy & Mining,0.00020226538,0.0081224935,-0.007920228
17778,Financials,0.016570201,0.0060988152,0.010471386
55001,Industrials,0.00414644,0.005477654,-0.0013312139
90057,Financials,0.0068614637,0.006287368,0.00057409564
91519,Financials,0.020817773,0.008090616,0.012727157
85339,Financials,0.0034073936,0.0071067135,-0.00369932
86102,Financials,0.0067681107,0.0057834177,0.000984693
88597,Industrials,0.00040453076,0.006539547,-0.006135016
19166,Industrials,0.0020226538,0.005250105,-0.0032274514
91688,Financials,0.0020537714,0.0063936426,-0.004339871
85945,Industrials,0.011225727,0.008940349,0.002285378
90523,Financials,0.02170463,0.0064964895,0.015208142
81030,Industrials,0.005461165,0.005639246,-0.00017808098
79448,Financials,0.013116132,0.006397071,0.0067190607
90922,Financials,0.0016803584,0.0058005597,-0.0041202013
75320,Utilities & Telecom,0.037823625,0.0043254504,0.033498175
11850,Energy & Mining,0.0052588996,0.0067901807,-0.001531281
90882,Financials,0.023198284,0.0067947456,0.01640354
55213,Consumer,7.5849515e-05,0.0039175022,-0.0038416528
77470,Financials,0.018810678,0.007648374,0.011162304
63263,Healthcare,0.0,0.0044987733,-0.0044987733
76712,Utilities & Telecom,0.0,0.00273545,-0.00273545
89781,Healthcare,0.0,0.007911186,-0.007911186
90761,Financials,0.021191189,0.01923578,0.0019554086
77069,Financials,0.026699029,0.008464292,0.018234737
61146,Technology,0.0046521034,0.006598908,-0.0019468046
64450,Utilities & Telecom,0.0,0.003728389,-0.003728389
18091,Industrials,0.015169904,0.0057876473,0.009382256
91570,Financials,0.025205377,0.0058588395,0.019346539
80421,Financials,0.018437266,0.0064587793,0.011978487
90762,Financials,0.011155713,0.005162909,0.005992804
49154,Consumer,0.010315534,0.0025172038,0.00779833
82272,Healthcare,0.004854369,0.005151242,-0.00029687304
87133,Financials,0.0107823005,0.0057902755,0.004992025
90533,Energy & Mining,0.0023260517,0.008448976,-0.0061229244
89976,Energy & Mining,0.0,0.005461165,-0.005461165
78451,Financials,0.008775205,0.00471724,0.0040579652
20750,Utilities & Telecom,0.0,0.006226961,-0.006226961
89012,Financials,0.008075057,0.004144726,0.0039303307
82743,Energy & Mining,0.0,0.0056953095,-0.0056953095
90988,Healthcare,0.0009101942,0.005744989,-0.004834795
78936,Financials,0.015589992,0.008340876,0.007249116
20618,Industrials,0.009000809,0.0044586323,0.0045421766
42439,Industrials,0.013147249,0.00548425,0.007662999
90558,Industrials,0.005157767,0.009303108,-0.004145341
89492,Financials,0.01563667,0.004669245,0.010967424
91929,Utilities & Telecom,0.05380259,0.013852474,0.039950117
85340,Financials,0.0069081406,0.005749136,0.0011590044
91813,Utilities & Telecom,0.0,0.008806656,-0.008806656
12062,Healthcare,0.0,0.0029034868,-0.0029034868
85072,Consumer,0.0016686893,0.0064180354,-0.004749346
89462,Technology,0.0026294498,0.0068792207,-0.004249771
72864,Financials,0.0107823005,0.0063867867,0.004395514
27983,Technology,0.0028317152,0.0039672595,-0.0011355444
88485,Utilities & Telecom,0.0,0.011350657,-0.011350657
78950,Industrials,0.00020226538,0.0038089647,-0.0036066994
91414,Financials,0.009615385,0.0048646536,0.0047507314
63706,Financials,0.0007001494,0.009108798,-0.008408648
90494,Energy & Mining,0.010113268,0.014312475,-0.004199207
90499,Financials,0.02571882,0.010589792,0.015129027
90680,Financials,0.016290141,0.006201662,0.010088479
90269,Financials,0.007421584,0.0047960896,0.0026254943
90793,Energy & Mining,0.0092030745,0.006717629,0.0024854457
82311,Financials,0.007935026,0.004374417,0.0035606087
88953,Financials,0.01605676,0.0075043878,0.0085523715
81067,Utilities & Telecom,0.001618123,0.0054027564,-0.0037846332
89014,Industrials,0.0026294498,0.0061603,-0.0035308504
47677,Utilities & Telecom,0.0006067961,0.004623981,-0.004017185
92355,Financials,0.017457059,0.0045732544,0.012883805
78186,Energy & Mining,0.0013147249,0.00881833,-0.0075036054
89733,Financials,0.02431852,0.0077683614,0.01655016
77239,Financials,0.015963407,0.00819689,0.007766517
88897,Industrials,0.0084951455,0.0056590335,0.002836112
91858,Financials,0.00732823,0.003294526,0.0040337043
51263,Industrials,0.01992314,0.005279786,0.014643353
44206,Utilities & Telecom,0.0,0.0046791444,-0.0046791444
43837,Financials,0.0019604182,0.0076723713,-0.005711953
83835,Financials,0.024411876,0.0065856236,0.017826252
52898,Utilities & Telecom,0.0,0.004792716,-0.004792716
92891,Financials,9.335325e-05,0.0041687232,-0.00407537
89444,Industrials,0.014461975,0.0061767884,0.008285186
16548,Financials,0.004294249,0.005368603,-0.0010743537
93031,Energy & Mining,0.00940534,0.018154416,-0.008749076
87541,Industrials,0.0,0.0033044005,-0.0033044005
60580,Industrials,0.00040453076,0.0059723244,-0.0055677937
77730,Consumer,0.008191748,0.0027705913,0.005421156
27422,Energy & Mining,0.0066747577,0.0103023425,-0.0036275848
75049,Financials,0.01134242,0.0058177,0.00552472
21776,Utilities & Telecom,0.0,0.003472042,-0.003472042
56653,Financials,0.020584391,0.0055845813,0.014999811
86128,Consumer,0.0003792476,0.0040141903,-0.0036349427
80432,Consumer,0.005764563,0.002017097,0.003747466
77496,Consumer,0.0,0.007271552,-0.007271552
15720,Utilities & Telecom,0.0,0.0033941646,-0.0033941646
79037,Consumer,0.0007584951,0.005174437,-0.004415942
84767,Financials,0.016523525,0.007531814,0.008991711
92128,Financials,0.016756909,0.0060405354,0.010716373
12431,Industrials,0.020226538,0.007947709,0.012278829
92405,Financials,0.007888349,0.0067981733,0.0010901755
80200,Financials,0.009428678,0.003993884,0.005434794
88233,Healthcare,0.00030339806,0.0050794706,-0.0047760727
49330,Financials,0.011109037,0.007860923,0.0032481141
92144,Utilities & Telecom,0.001618123,0.0072685736,-0.0056504505
68929,Financials,0.022638163,0.006750178,0.015887985
77066,Financials,0.015683345,0.0055297296,0.010153616
46392,Financials,0.014609783,0.004933218,0.0096765645
76282,Consumer,0.00030339806,0.0031773446,-0.0028739464
90164,Financials,0.009428678,0.0040007406,0.0054279375
83597,Technology,0.0026294498,0.007251873,-0.004622423
75268,Financials,0.0050877524,0.007528386,-0.0024406337
86799,Energy & Mining,0.0033373786,0.008257703,-0.0049203243
77520,Industrials,0.0005056634,0.00757176,-0.0070660966
49656,Financials,0.009755414,0.007202705,0.002552709
87214,Utilities & Telecom,0.003843042,0.0055195736,-0.0016765315
75064,Healthcare,0.0022754855,0.004935927,-0.0026604417
90038,Financials,0.0061146375,0.004508118,0.0016065193
86228,Utilities & Telecom,0.003843042,0.007914308,-0.0040712664
62308,Financials,0.0108289765,0.005711426,0.0051175505
92149,Financials,0.001120239,0.007583237,-0.0064629978
80711,Financials,0.015123225,0.0067638913,0.0083593335
76558,Financials,0.011529126,0.0037744776,0.0077546486
89138,Financials,0.0018203884,0.0026363065,-0.0008159181
45751,Financials,0.02739918,0.0057011405,0.021698039
64390,Financials,0.015776698,0.00668847,0.0090882275
85916,Financials,0.017130323,0.00711357,0.010016752
47626,Financials,0.009288648,0.005869124,0.003419524
79236,Financials,0.000373413,0.004748094,-0.004374681
76572,Financials,0.0043876027,0.0064450656,-0.002057463
85602,Industrials,0.0006067961,0.009903308,-0.009296512
89537,Financials,0.00028005976,0.006856453,-0.0065763933
11955,Utilities & Telecom,0.0,0.007872125,-0.007872125
92621,Energy & Mining,0.03013754,0.017151885,0.012985656
51633,Utilities & Telecom,0.0,0.004205389,-0.004205389
13610,Industrials,0.0,0.005006068,-0.005006068
20415,Financials,0.015123227,0.0064553507,0.008667876
77692,Financials,0.0017270352,0.0051834784,-0.003456443
12211,Industrials,0.008090614,0.007598142,0.0004924722
90751,Consumer,0.015700849,0.006004614,0.009696235
92506,Financials,0.004574309,0.0059411167,-0.0013668076
43553,Consumer,0.0015928398,0.003464072,-0.0018712322
77584,Consumer,0.021692961,0.003897498,0.017795464
90300,Financials,0.011809186,0.005066919,0.006742267
88924,Consumer,0.0037166262,0.0061346423,-0.002418016
79229,Financials,0.017597089,0.0036099227,0.013987166
83462,Industrials,0.00637136,0.005355635,0.0010157246
62922,Financials,0.000746826,0.009143081,-0.008396255
69032,Financials,0.02973301,0.008769404,0.020963605
92385,Financials,0.014749812,0.007014151,0.0077356608
23835,Utilities & Telecom,0.010720064,0.0058278386,0.0048922254
78038,Financials,0.034634057,0.0127564315,0.021877626
92635,Industrials,0.0,0.0067341174,-0.0067341174
85261,Industrials,0.00020226538,0.0058667953,-0.0056645297
