"DATE","vwretx","sprtrn"
"2010-01-04",0.017047,0.016043
"2010-01-05",0.003368,0.003116
"2010-01-06",0.001762,0.000546
"2010-01-07",0.002822,0.004001
"2010-01-08",0.004173,0.002882
"2010-01-11",0.00114,0.001747
"2010-01-12",-0.011005,-0.009381
"2010-01-13",0.008532,0.008326
"2010-01-14",0.002283,0.002427
"2010-01-15",-0.011351,-0.010823
"2010-01-19",0.012054,0.0125
"2010-01-20",-0.011183,-0.010598
"2010-01-21",-0.017797,-0.018945
"2010-01-22",-0.021042,-0.022141
"2010-01-25",0.003891,0.004598
"2010-01-26",-0.004934,-0.004203
"2010-01-27",0.004081,0.00488
"2010-01-28",-0.011441,-0.011818
"2010-01-29",-0.010325,-0.009829
"2010-02-01",0.015084,0.014266
"2010-02-02",0.01222,0.012973
"2010-02-03",-0.005259,-0.005474
"2010-02-04",-0.032029,-0.031141
"2010-02-05",0.002642,0.002897
"2010-02-08",-0.008453,-0.008863
"2010-02-09",0.013847,0.01304
"2010-02-10",-0.001752,-0.002233
"2010-02-11",0.011978,0.00968
"2010-02-12",-0.000789,-0.002745
"2010-02-16",0.017872,0.018001
"2010-02-17",0.004483,0.004238
"2010-02-18",0.006115,0.006585
"2010-02-19",0.002339,0.002187
"2010-02-22",-0.001153,-0.001046
"2010-02-23",-0.013096,-0.012103
"2010-02-24",0.008385,0.00972
"2010-02-25",-0.000905,-0.002081
"2010-02-26",0.001807,0.001405
"2010-03-01",0.011947,0.010159
"2010-03-02",0.004417,0.00233
"2010-03-03",0.001473,0.000429
"2010-03-04",0.003055,0.003736
"2010-03-05",0.014472,0.014008
"2010-03-08",0.000571,-0.000176
"2010-03-09",0.001592,0.001713
"2010-03-10",0.004922,0.004525
"2010-03-11",0.003628,0.004042
"2010-03-12",0.000747,-0.000217
"2010-03-15",-0.000715,0.000452
"2010-03-16",0.008729,0.007779
"2010-03-17",0.00559,0.005822
"2010-03-18",-0.002052,-0.000326
"2010-03-19",-0.006948,-0.005087
"2010-03-22",0.005833,0.005095
"2010-03-23",0.007582,0.007171
"2010-03-24",-0.006646,-0.005493
"2010-03-25",-0.002494,-0.001704
"2010-03-26",0.00067,0.000738
"2010-03-29",0.006603,0.005683
"2010-03-30",0.000344,4.3e-05
"2010-03-31",-0.002803,-0.003273
"2010-04-01",0.008524,0.007414
"2010-04-05",0.009522,0.007928
"2010-04-06",0.002118,0.001684
"2010-04-07",-0.005654,-0.005877
"2010-04-08",0.002794,0.003374
"2010-04-09",0.006699,0.006684
"2010-04-12",0.001755,0.001767
"2010-04-13",0.000631,0.000685
"2010-04-14",0.01229,0.01115
"2010-04-15",8.2e-05,0.000843
"2010-04-16",-0.016122,-0.016127
"2010-04-19",0.002253,0.004521
"2010-04-20",0.009766,0.008058
"2010-04-21",-0.000562,-0.001019
"2010-04-22",0.00354,0.002264
"2010-04-23",0.007443,0.007124
"2010-04-26",-0.003237,-0.004296
"2010-04-27",-0.023853,-0.023382
"2010-04-28",0.005038,0.006463
"2010-04-29",0.013546,0.012943
"2010-04-30",-0.016855,-0.016648
"2010-05-03",0.012821,0.013121
"2010-05-04",-0.025378,-0.023838
"2010-05-05",-0.009486,-0.006561
"2010-05-06",-0.032662,-0.032378
"2010-05-07",-0.015865,-0.015308
"2010-05-10",0.044865,0.043974
"2010-05-11",-0.001091,-0.003397
"2010-05-12",0.01592,0.01374
"2010-05-13",-0.010893,-0.012145
"2010-05-14",-0.019435,-0.0188
"2010-05-17",-0.00071,0.001109
"2010-05-18",-0.013785,-0.014196
"2010-05-19",-0.007246,-0.00513
"2010-05-20",-0.04044,-0.038976
"2010-05-21",0.015267,0.015024
"2010-05-24",-0.012134,-0.012908
"2010-05-25",-0.000173,0.000354
"2010-05-26",-0.003071,-0.005661
"2010-05-27",0.034826,0.032876
"2010-05-28",-0.011837,-0.012375
"2010-06-01",-0.018575,-0.017165
"2010-06-02",0.026427,0.025843
"2010-06-03",0.004745,0.004051
"2010-06-04",-0.035892,-0.034411
"2010-06-07",-0.014072,-0.013532
"2010-06-08",0.009114,0.010976
"2010-06-09",-0.003884,-0.005942
"2010-06-10",0.029501,0.029507
"2010-06-11",0.005844,0.00438
"2010-06-14",-2.2e-05,-0.001805
"2010-06-15",0.023819,0.023494
"2010-06-16",-0.001246,-0.000556
"2010-06-17",0.000798,0.001283
"2010-06-18",0.001662,0.001317
"2010-06-21",-0.004343,-0.003857
"2010-06-22",-0.016253,-0.016071
"2010-06-23",-0.003033,-0.002985
"2010-06-24",-0.016315,-0.016803
"2010-06-25",0.006034,0.002859
"2010-06-28",-0.003341,-0.002034
"2010-06-29",-0.032922,-0.031017
"2010-06-30",-0.009029,-0.010113
"2010-07-01",-0.004076,-0.00324
"2010-07-02",-0.004793,-0.004662
"2010-07-06",0.003314,0.005359
"2010-07-07",0.030565,0.031331
"2010-07-08",0.009506,0.009413
"2010-07-09",0.008913,0.007204
"2010-07-12",-0.001372,0.000733
"2010-07-13",0.017115,0.015379
"2010-07-14",-0.000663,-0.000155
"2010-07-15",0.000411,0.001196
"2010-07-16",-0.028562,-0.02882
"2010-07-19",0.004981,0.005982
"2010-07-20",0.012261,0.011417
"2010-07-21",-0.012944,-0.01282
"2010-07-22",0.023506,0.022513
"2010-07-23",0.009623,0.00822
"2010-07-26",0.01161,0.0112
"2010-07-27",-0.002541,-0.001049
"2010-07-28",-0.007594,-0.006922
"2010-07-29",-0.002745,-0.004159
"2010-07-30",0.001497,6.4e-05
"2010-08-02",0.020521,0.022023
"2010-08-03",-0.00519,-0.004796
"2010-08-04",0.00718,0.006051
"2010-08-05",-0.002561,-0.001269
"2010-08-06",-0.003638,-0.003704
"2010-08-09",0.005839,0.005483
"2010-08-10",-0.008042,-0.005967
"2010-08-11",-0.02964,-0.028179
"2010-08-12",-0.004793,-0.005379
"2010-08-13",-0.003921,-0.004024
"2010-08-16",0.001411,0.00012
"2010-08-17",0.013672,0.012192
"2010-08-18",0.002202,0.001483
"2010-08-19",-0.016723,-0.016935
"2010-08-20",-0.003347,-0.003663
"2010-08-23",-0.004894,-0.00404
"2010-08-24",-0.014456,-0.014512
"2010-08-25",0.004495,0.003289
"2010-08-26",-0.006642,-0.007685
"2010-08-27",0.018222,0.016587
"2010-08-30",-0.014379,-0.014719
"2010-08-31",8.5e-05,0.000391
"2010-09-01",0.028989,0.029505
"2010-09-02",0.009476,0.009081
"2010-09-03",0.012954,0.013219
"2010-09-07",-0.011925,-0.011471
"2010-09-08",0.006132,0.006439
"2010-09-09",0.003615,0.004832
"2010-09-10",0.004456,0.004863
"2010-09-13",0.012516,0.011131
"2010-09-14",-0.00013,-0.000713
"2010-09-15",0.002919,0.003541
"2010-09-16",-0.000858,-0.000364
"2010-09-17",0.00108,0.000827
"2010-09-20",0.015156,0.01521
"2010-09-21",-0.00312,-0.002564
"2010-09-22",-0.005124,-0.004825
"2010-09-23",-0.00814,-0.008331
"2010-09-24",0.021146,0.021194
"2010-09-27",-0.004466,-0.005667
"2010-09-28",0.005588,0.00485
"2010-09-29",-0.001174,-0.002588
"2010-09-30",-0.002021,-0.003084
"2010-10-01",0.004825,0.004416
"2010-10-04",-0.008639,-0.008035
"2010-10-05",0.02056,0.020861
"2010-10-06",-0.000668,-0.000672
"2010-10-07",-0.002136,-0.001647
"2010-10-08",0.007617,0.006122
"2010-10-11",0.000566,0.000146
"2010-10-12",0.003644,0.003819
"2010-10-13",0.008646,0.007121
"2010-10-14",-0.003674,-0.003641
"2010-10-15",0.0007,0.002028
"2010-10-18",0.006276,0.007244
"2010-10-19",-0.017214,-0.015877
"2010-10-20",0.011159,0.010524
"2010-10-21",0.000227,0.001774
"2010-10-22",0.002612,0.002389
"2010-10-25",0.003717,0.002147
"2010-10-26",-0.000427,1.7e-05
"2010-10-27",-0.00348,-0.002691
"2010-10-28",0.00103,0.001125
"2010-10-29",0.001643,-0.000439
"2010-11-01",0.000117,0.000947
"2010-11-02",0.00903,0.007759
"2010-11-03",0.003283,0.003678
"2010-11-04",0.01976,0.019283
"2010-11-05",0.003973,0.003923
"2010-11-08",-0.001016,-0.002121
"2010-11-09",-0.008717,-0.008052
"2010-11-10",0.005183,0.004376
"2010-11-11",-0.003605,-0.004242
"2010-11-12",-0.013464,-0.011808
"2010-11-15",-0.00138,-0.001217
"2010-11-16",-0.017062,-0.016205
"2010-11-17",0.001487,0.000212
"2010-11-18",0.015529,0.015357
"2010-11-19",0.003617,0.00254
"2010-11-22",-0.000321,-0.001575
"2010-11-23",-0.014158,-0.014284
"2010-11-24",0.015645,0.014923
"2010-11-26",-0.007053,-0.007469
"2010-11-29",-0.001145,-0.001379
"2010-11-30",-0.005825,-0.00607
"2010-12-01",0.020659,0.021617
"2010-12-02",0.012204,0.012818
"2010-12-03",0.003865,0.002603
"2010-12-06",-2.2e-05,-0.001298
"2010-12-07",0.000153,0.000515
"2010-12-08",0.001312,0.003702
"2010-12-09",0.003501,0.003843
"2010-12-10",0.006395,0.006002
"2010-12-13",-8.1e-05,4.8e-05
"2010-12-14",0.000228,0.000911
"2010-12-15",-0.005304,-0.005122
"2010-12-16",0.005693,0.006185
"2010-12-17",0.001495,0.000837
"2010-12-20",0.001792,0.002548
"2010-12-21",0.007002,0.00603
"2010-12-22",0.002923,0.00338
"2010-12-23",-0.0013,-0.001644
"2010-12-27",0.000622,0.000613
"2010-12-28",0.000725,0.000771
"2010-12-29",0.002491,0.001009
"2010-12-30",-0.000833,-0.001508
"2010-12-31",-0.000264,-0.000191
"2011-01-03",0.011181,0.011315
"2011-01-04",-0.003939,-0.001313
"2011-01-05",0.005299,0.005007
"2011-01-06",-0.002757,-0.002123
"2011-01-07",-0.001951,-0.001845
"2011-01-10",-0.000711,-0.001376
"2011-01-11",0.005042,0.003725
"2011-01-12",0.008903,0.009008
"2011-01-13",-0.001893,-0.001711
"2011-01-14",0.006607,0.007385
"2011-01-18",0.002156,0.001376
"2011-01-19",-0.012342,-0.010116
"2011-01-20",-0.003844,-0.001295
"2011-01-21",0.001244,0.002414
"2011-01-24",0.006249,0.005836
"2011-01-25",-0.000447,0.000263
"2011-01-26",0.007301,0.004221
"2011-01-27",0.002029,0.002244
"2011-01-28",-0.017258,-0.017852
"2011-01-31",0.007614,0.007663
"2011-02-01",0.016992,0.016694
"2011-02-02",-0.002377,-0.002723
"2011-02-03",0.002779,0.002354
"2011-02-04",0.002155,0.002884
"2011-02-07",0.006108,0.00624
"2011-02-08",0.004344,0.004185
"2011-02-09",-0.003563,-0.002786
"2011-02-10",0.001276,0.00075
"2011-02-11",0.005949,0.005507
"2011-02-14",0.003269,0.002385
"2011-02-15",-0.003274,-0.003235
"2011-02-16",0.007373,0.006257
"2011-02-17",0.003846,0.003076
"2011-02-18",0.001202,0.001925
"2011-02-22",-0.021071,-0.020529
"2011-02-23",-0.006603,-0.006112
"2011-02-24",-0.000307,-0.000994
"2011-02-25",0.01274,0.01055
"2011-02-28",0.005283,0.005561
"2011-03-01",-0.014934,-0.01574
"2011-03-02",0.002707,0.001615
"2011-03-03",0.016048,0.017219
"2011-03-04",-0.005915,-0.007378
"2011-03-07",-0.009434,-0.008341
"2011-03-08",0.007935,0.008923
"2011-03-09",-0.002585,-0.001362
"2011-03-10",-0.019797,-0.018871
"2011-03-11",0.006646,0.00708
"2011-03-14",-0.005528,-0.006049
"2011-03-15",-0.011176,-0.0112
"2011-03-16",-0.016693,-0.019495
"2011-03-17",0.012185,0.013398
"2011-03-18",0.004816,0.004302
"2011-03-21",0.016423,0.014994
"2011-03-22",-0.003326,-0.003551
"2011-03-23",0.002858,0.002914
"2011-03-24",0.00849,0.009341
"2011-03-25",0.003079,0.003161
"2011-03-28",-0.003339,-0.002748
"2011-03-29",0.00692,0.00706
"2011-03-30",0.008133,0.006685
"2011-03-31",-0.000595,-0.001829
"2011-04-01",0.005335,0.004963
"2011-04-04",0.001078,0.000345
"2011-04-05",0.001316,-0.00018
"2011-04-06",0.001471,0.002184
"2011-04-07",-0.002298,-0.00152
"2011-04-08",-0.003393,-0.004004
"2011-04-11",-0.004752,-0.002793
"2011-04-12",-0.009266,-0.007777
"2011-04-13",0.001175,0.00019
"2011-04-14",0.000527,8.4e-05
"2011-04-15",0.003962,0.003925
"2011-04-18",-0.011631,-0.011018
"2011-04-19",0.005677,0.005731
"2011-04-20",0.014251,0.013515
"2011-04-21",0.005835,0.005277
"2011-04-25",-0.001863,-0.001593
"2011-04-26",0.008134,0.00898
"2011-04-27",0.005966,0.00625
"2011-04-28",0.002846,0.003555
"2011-04-29",0.003099,0.002301
"2011-05-02",-0.003608,-0.001753
"2011-05-03",-0.006661,-0.003379
"2011-05-04",-0.008156,-0.006855
"2011-05-05",-0.009529,-0.00907
"2011-05-06",0.004514,0.00382
"2011-05-09",0.006141,0.004544
"2011-05-10",0.008435,0.008074
"2011-05-11",-0.012692,-0.011111
"2011-05-12",0.003934,0.004895
"2011-05-13",-0.00895,-0.008067
"2011-05-16",-0.007007,-0.006204
"2011-05-17",-0.000832,-0.000369
"2011-05-18",0.010601,0.008804
"2011-05-19",0.002271,0.002178
"2011-05-20",-0.006822,-0.007688
"2011-05-23",-0.013034,-0.011926
"2011-05-24",-0.000411,-0.000827
"2011-05-25",0.005024,0.003183
"2011-05-26",0.005158,0.003953
"2011-05-27",0.004893,0.004081
"2011-05-31",0.010274,0.010593
"2011-06-01",-0.023209,-0.022785
"2011-06-02",-0.000671,-0.001225
"2011-06-03",-0.009334,-0.009734
"2011-06-06",-0.012489,-0.01076
"2011-06-07",0.000249,-0.000956
"2011-06-08",-0.006147,-0.004187
"2011-06-09",0.007446,0.007378
"2011-06-10",-0.014092,-0.01398
"2011-06-13",-0.001261,0.000669
"2011-06-14",0.013814,0.012612
"2011-06-15",-0.017359,-0.017432
"2011-06-16",-0.00024,0.001754
"2011-06-17",0.002101,0.003045
"2011-06-20",0.005329,0.005395
"2011-06-21",0.015788,0.013423
"2011-06-22",-0.005635,-0.006468
"2011-06-23",-0.00261,-0.002828
"2011-06-24",-0.010617,-0.011726
"2011-06-27",0.008068,0.009184
"2011-06-28",0.013437,0.012944
"2011-06-29",0.008641,0.008283
"2011-06-30",0.009664,0.010119
"2011-07-01",0.013326,0.01441
"2011-07-05",-6.2e-05,-0.001336
"2011-07-06",0.000898,0.001002
"2011-07-07",0.010578,0.010454
"2011-07-08",-0.006346,-0.006961
"2011-07-11",-0.019373,-0.01809
"2011-07-12",-0.00382,-0.004434
"2011-07-13",0.004898,0.003106
"2011-07-14",-0.008067,-0.006716
"2011-07-15",0.006167,0.005554
"2011-07-18",-0.009518,-0.00813
"2011-07-19",0.016162,0.016309
"2011-07-20",-3.9e-05,-0.000671
"2011-07-21",0.012208,0.013546
"2011-07-22",0.001381,0.000908
"2011-07-25",-0.006285,-0.005643
"2011-07-26",-0.004544,-0.004105
"2011-07-27",-0.021734,-0.020309
"2011-07-28",-0.00305,-0.003234
"2011-07-29",-0.005649,-0.006451
"2011-08-01",-0.003649,-0.004132
"2011-08-02",-0.025683,-0.025557
"2011-08-03",0.004643,0.005016
"2011-08-04",-0.050424,-0.04782
"2011-08-05",-0.004816,-0.000575
"2011-08-08",-0.068815,-0.066634
"2011-08-09",0.051209,0.047407
"2011-08-10",-0.038927,-0.044152
"2011-08-11",0.045066,0.04629
"2011-08-12",0.004733,0.005262
"2011-08-15",0.022736,0.021785
"2011-08-16",-0.011042,-0.009739
"2011-08-17",0.000637,0.000947
"2011-08-18",-0.045383,-0.044594
"2011-08-19",-0.015401,-0.015009
"2011-08-22",2e-06,0.000258
"2011-08-23",0.033752,0.034285
"2011-08-24",0.011455,0.01312
"2011-08-25",-0.01592,-0.015566
"2011-08-26",0.016333,0.015122
"2011-08-29",0.029525,0.02828
"2011-08-30",0.003573,0.002347
"2011-08-31",0.004999,0.004922
"2011-09-01",-0.012228,-0.011871
"2011-09-02",-0.02468,-0.025282
"2011-09-06",-0.00819,-0.007436
"2011-09-07",0.028977,0.028646
"2011-09-08",-0.01093,-0.010612
"2011-09-09",-0.026609,-0.026705
"2011-09-12",0.004082,0.006966
"2011-09-13",0.010439,0.00912
"2011-09-14",0.012764,0.01348
"2011-09-15",0.015347,0.017187
"2011-09-16",0.00348,0.005707
"2011-09-19",-0.010961,-0.009803
"2011-09-20",-0.004146,-0.001661
"2011-09-21",-0.029503,-0.02939
"2011-09-22",-0.034439,-0.031883
"2011-09-23",0.005627,0.006082
"2011-09-26",0.021551,0.023336
"2011-09-27",0.012841,0.010688
"2011-09-28",-0.02401,-0.020691
"2011-09-29",0.008179,0.008114
"2011-09-30",-0.024678,-0.024974
"2011-10-03",-0.032032,-0.028451
"2011-10-04",0.023574,0.022488
"2011-10-05",0.019319,0.017866
"2011-10-06",0.020491,0.018304
"2011-10-07",-0.010969,-0.008163
"2011-10-10",0.034277,0.034125
"2011-10-11",0.001034,0.000544
"2011-10-12",0.011671,0.009795
"2011-10-13",-0.003025,-0.002974
"2011-10-14",0.017732,0.01738
"2011-10-17",-0.020887,-0.01937
"2011-10-18",0.020791,0.020419
"2011-10-19",-0.014286,-0.012649
"2011-10-20",0.003871,0.004554
"2011-10-21",0.019243,0.018809
"2011-10-24",0.016744,0.012873
"2011-10-25",-0.019841,-0.020045
"2011-10-26",0.011506,0.010537
"2011-10-27",0.036125,0.034291
"2011-10-28",0.000192,0.000389
"2011-10-31",-0.024666,-0.024738
"2011-11-01",-0.028665,-0.027942
"2011-11-02",0.016958,0.016105
"2011-11-03",0.019018,0.018782
"2011-11-04",-0.005593,-0.00628
"2011-11-07",0.004843,0.006296
"2011-11-08",0.010777,0.011736
"2011-11-09",-0.037956,-0.036695
"2011-11-10",0.007271,0.008616
"2011-11-11",0.019762,0.019489
"2011-11-14",-0.009496,-0.00955
"2011-11-15",0.004354,0.004817
"2011-11-16",-0.015307,-0.016616
"2011-11-17",-0.017236,-0.0168
"2011-11-18",-0.000353,-0.000395
"2011-11-21",-0.018765,-0.018648
"2011-11-22",-0.004186,-0.004141
"2011-11-23",-0.023274,-0.022095
"2011-11-25",-0.003736,-0.002686
"2011-11-28",0.030393,0.02924
"2011-11-29",0.001989,0.002214
"2011-11-30",0.043778,0.043315
"2011-12-01",-0.002337,-0.001909
"2011-12-02",7.6e-05,-0.000241
"2011-12-05",0.010262,0.010287
"2011-12-06",0.000361,0.001106
"2011-12-07",0.001653,0.002018
"2011-12-08",-0.022962,-0.021142
"2011-12-09",0.017735,0.016883
"2011-12-12",-0.0156,-0.014914
"2011-12-13",-0.011522,-0.008686
"2011-12-14",-0.012835,-0.011348
"2011-12-15",0.003636,0.003243
"2011-12-16",0.004869,0.003216
"2011-12-19",-0.012698,-0.011733
"2011-12-20",0.029823,0.029825
"2011-12-21",0.001872,0.00195
"2011-12-22",0.008688,0.008266
"2011-12-23",0.007791,0.009035
"2011-12-27",-5.1e-05,7.9e-05
"2011-12-28",-0.013933,-0.012478
"2011-12-29",0.010716,0.010707
"2011-12-30",-0.002611,-0.004291
"2012-01-03",0.016107,0.015474
"2012-01-04",-0.000596,0.000188
"2012-01-05",0.002928,0.002944
"2012-01-06",-0.00315,-0.002537
"2012-01-09",0.002796,0.002262
"2012-01-10",0.010408,0.008886
"2012-01-11",0.000846,0.00031
"2012-01-12",0.003027,0.002337
"2012-01-13",-0.005323,-0.004948
"2012-01-17",0.003895,0.003553
"2012-01-18",0.01219,0.011108
"2012-01-19",0.005571,0.004939
"2012-01-20",0.00086,0.000669
"2012-01-23",0.001597,0.000471
"2012-01-24",-0.000861,-0.001026
"2012-01-25",0.009929,0.008672
"2012-01-26",-0.004938,-0.005746
"2012-01-27",0.00058,-0.001593
"2012-01-30",-0.003802,-0.002522
"2012-01-31",-9e-05,-0.000457
"2012-02-01",0.011016,0.0089
"2012-02-02",0.001764,0.001095
"2012-02-03",0.014536,0.014605
"2012-02-06",-0.001006,-0.000424
"2012-02-07",0.001374,0.002023
"2012-02-08",0.001941,0.00216
"2012-02-09",0.000974,0.001474
"2012-02-10",-0.00841,-0.006886
"2012-02-13",0.00723,0.0068
"2012-02-14",-0.001725,-0.00094
"2012-02-15",-0.00449,-0.005383
"2012-02-16",0.012353,0.011026
"2012-02-17",0.001313,0.002349
"2012-02-21",0.000132,0.00072
"2012-02-22",-0.003182,-0.00334
"2012-02-23",0.005575,0.004272
"2012-02-24",0.001411,0.001672
"2012-02-27",0.000723,0.001355
"2012-02-28",0.002769,0.003356
"2012-02-29",-0.005799,-0.004737
"2012-03-01",0.006708,0.006158
"2012-03-02",-0.004969,-0.003246
"2012-03-05",-0.004627,-0.00387
"2012-03-06",-0.017413,-0.01537
"2012-03-07",0.007708,0.006901
"2012-03-08",0.010714,0.009818
"2012-03-09",0.0045,0.003631
"2012-03-12",-0.001421,0.00016
"2012-03-13",0.017273,0.018132
"2012-03-14",-0.003954,-0.001196
"2012-03-15",0.006472,0.005967
"2012-03-16",0.001244,0.001119
"2012-03-19",0.003986,0.003974
"2012-03-20",-0.004522,-0.003001
"2012-03-21",-0.001157,-0.001871
"2012-03-22",-0.008173,-0.007207
"2012-03-23",0.004468,0.003109
"2012-03-26",0.0139,0.013886
"2012-03-27",-0.003749,-0.002817
"2012-03-28",-0.005792,-0.004942
"2012-03-29",-0.00193,-0.001608
"2012-03-30",0.003295,0.003698
"2012-04-02",0.007938,0.007505
"2012-04-03",-0.004612,-0.003989
"2012-04-04",-0.011843,-0.010202
"2012-04-05",-0.001052,-0.000629
"2012-04-09",-0.011402,-0.011358
"2012-04-10",-0.018039,-0.017081
"2012-04-11",0.008385,0.007449
"2012-04-12",0.015051,0.013779
"2012-04-13",-0.01241,-0.012475
"2012-04-16",-0.000592,-0.000504
"2012-04-17",0.014946,0.015487
"2012-04-18",-0.004052,-0.004055
"2012-04-19",-0.004712,-0.005934
"2012-04-20",0.001614,0.001169
"2012-04-23",-0.009599,-0.008408
"2012-04-24",0.003241,0.00368
"2012-04-25",0.013728,0.013645
"2012-04-26",0.006712,0.00668
"2012-04-27",0.003837,0.002414
"2012-04-30",-0.004339,-0.003884
"2012-05-01",0.004843,0.005658
"2012-05-02",-0.002183,-0.002497
"2012-05-03",-0.010092,-0.007659
"2012-05-04",-0.015738,-0.016147
"2012-05-07",0.000515,0.000351
"2012-05-08",-0.005466,-0.004279
"2012-05-09",-0.006301,-0.006702
"2012-05-10",0.002655,0.002517
"2012-05-11",-0.00293,-0.003387
"2012-05-14",-0.012257,-0.011113
"2012-05-15",-0.006167,-0.005746
"2012-05-16",-0.005164,-0.004404
"2012-05-17",-0.01595,-0.015051
"2012-05-18",-0.008158,-0.007388
"2012-05-21",0.017735,0.016036
"2012-05-22",-0.000545,0.000486
"2012-05-23",0.002754,0.001694
"2012-05-24",0.000872,0.00138
"2012-05-25",-0.001558,-0.002166
"2012-05-29",0.011089,0.011079
"2012-05-30",-0.015751,-0.014335
"2012-05-31",-0.002063,-0.002277
"2012-06-01",-0.024632,-0.024643
"2012-06-04",-0.001044,0.00011
"2012-06-05",0.007834,0.005727
"2012-06-06",0.022492,0.023049
"2012-06-07",-0.00144,-0.000106
"2012-06-08",0.007097,0.008114
"2012-06-11",-0.014006,-0.01262
"2012-06-12",0.011623,0.011651
"2012-06-13",-0.007358,-0.007023
"2012-06-14",0.009472,0.010815
"2012-06-15",0.010032,0.010338
"2012-06-18",0.002162,0.001445
"2012-06-19",0.011571,0.009816
"2012-06-20",-0.001539,-0.001686
"2012-06-21",-0.023684,-0.022262
"2012-06-22",0.007245,0.007175
"2012-06-25",-0.015561,-0.015955
"2012-06-26",0.004828,0.004773
"2012-06-27",0.008742,0.008985
"2012-06-28",-0.002156,-0.00211
"2012-06-29",0.025476,0.02492
"2012-07-02",0.003733,0.002459
"2012-07-03",0.008806,0.006232
"2012-07-05",-0.004155,-0.004687
"2012-07-06",-0.010199,-0.009433
"2012-07-09",-0.002216,-0.001639
"2012-07-10",-0.008826,-0.008126
"2012-07-11",-0.000406,-1.5e-05
"2012-07-12",-0.00491,-0.004987
"2012-07-13",0.01524,0.016497
"2012-07-16",-0.002482,-0.002314
"2012-07-17",0.006703,0.00741
"2012-07-18",0.006155,0.006681
"2012-07-19",0.002764,0.002717
"2012-07-20",-0.009942,-0.010062
"2012-07-23",-0.010186,-0.008909
"2012-07-24",-0.009475,-0.009041
"2012-07-25",0.000691,-0.000314
"2012-07-26",0.01549,0.016541
"2012-07-27",0.018833,0.019081
"2012-07-30",-0.000826,-0.000483
"2012-07-31",-0.005003,-0.004317
"2012-08-01",-0.004648,-0.00303
"2012-08-02",-0.007397,-0.007374
"2012-08-03",0.019092,0.01904
"2012-08-06",0.003511,0.002329
"2012-08-07",0.006332,0.005107
"2012-08-08",-0.000104,0.000621
"2012-08-09",0.001346,0.000414
"2012-08-10",0.001836,0.002188
"2012-08-13",-0.002082,-0.001252
"2012-08-14",-0.000148,-0.000128
"2012-08-15",0.002475,0.00114
"2012-08-16",0.007849,0.007101
"2012-08-17",0.002632,0.001872
"2012-08-20",-0.00065,-2.1e-05
"2012-08-21",-0.002373,-0.003498
"2012-08-22",-0.000167,0.000226
"2012-08-23",-0.007344,-0.008072
"2012-08-24",0.005358,0.006455
"2012-08-27",-0.000581,-0.000489
"2012-08-28",0.000219,-0.000808
"2012-08-29",0.000735,0.000844
"2012-08-30",-0.007949,-0.007806
"2012-08-31",0.005873,0.005073
"2012-09-04",0.000581,-0.001166
"2012-09-05",-0.000789,-0.001068
"2012-09-06",0.01932,0.020436
"2012-09-07",0.005607,0.00405
"2012-09-10",-0.005726,-0.006148
"2012-09-11",0.003421,0.003135
"2012-09-12",0.00233,0.002093
"2012-09-13",0.015172,0.01631
"2012-09-14",0.006129,0.003959
"2012-09-17",-0.00458,-0.003125
"2012-09-18",-0.001811,-0.00128
"2012-09-19",0.001252,0.001185
"2012-09-20",-0.002063,-0.000541
"2012-09-21",0.000369,-7.5e-05
"2012-09-24",-0.003212,-0.002233
"2012-09-25",-0.010915,-0.010502
"2012-09-26",-0.005774,-0.005737
"2012-09-27",0.009956,0.009649
"2012-09-28",-0.004529,-0.004478
"2012-10-01",0.002708,0.002652
"2012-10-02",0.00114,0.000872
"2012-10-03",0.00235,0.003624
"2012-10-04",0.007662,0.007174
"2012-10-05",-0.000375,-0.000322
"2012-10-08",-0.003568,-0.003457
"2012-10-09",-0.009789,-0.009891
"2012-10-10",-0.005616,-0.006188
"2012-10-11",0.001584,0.000195
"2012-10-12",-0.003535,-0.002966
"2012-10-15",0.00723,0.008078
"2012-10-16",0.009939,0.01027
"2012-10-17",0.005004,0.004117
"2012-10-18",-0.002759,-0.002444
"2012-10-19",-0.015628,-0.016571
"2012-10-22",0.000163,0.00044
"2012-10-23",-0.013005,-0.014444
"2012-10-24",-0.002619,-0.003085
"2012-10-25",0.003285,0.002996
"2012-10-26",-0.001387,-0.000729
"2012-10-31",0.002185,0.000156
"2012-11-01",0.011104,0.010927
"2012-11-02",-0.009799,-0.009379
"2012-11-05",0.002058,0.002164
"2012-11-06",0.007713,0.007853
"2012-11-07",-0.021702,-0.023705
"2012-11-08",-0.011618,-0.012205
"2012-11-09",0.000906,0.001699
"2012-11-12",-0.000216,0.00013
"2012-11-13",-0.004437,-0.003985
"2012-11-14",-0.014991,-0.013852
"2012-11-15",-0.003096,-0.001594
"2012-11-16",0.006099,0.00484
"2012-11-19",0.019052,0.019862
"2012-11-20",0.000894,0.000663
"2012-11-21",0.003101,0.00232
"2012-11-23",0.012626,0.013026
"2012-11-26",-0.001687,-0.00203
"2012-11-27",-0.004503,-0.005227
"2012-11-28",0.007177,0.007856
"2012-11-29",0.004977,0.00427
"2012-11-30",0.000264,0.000162
"2012-12-03",-0.004293,-0.004745
"2012-12-04",-0.00137,-0.00171
"2012-12-05",0.001404,0.001585
"2012-12-06",0.002338,0.003307
"2012-12-07",0.00246,0.002921
"2012-12-10",0.001426,0.000338
"2012-12-11",0.006131,0.006549
"2012-12-12",-9.4e-05,0.000448
"2012-12-13",-0.006197,-0.006321
"2012-12-14",-0.003181,-0.004135
"2012-12-17",0.010151,0.011871
"2012-12-18",0.010836,0.011487
"2012-12-19",-0.00483,-0.007589
"2012-12-20",0.00466,0.005488
"2012-12-21",-0.008636,-0.009379
"2012-12-24",-0.0024,-0.00244
"2012-12-26",-0.005061,-0.004787
"2012-12-27",-0.000928,-0.001218
"2012-12-28",-0.009391,-0.01105
"2012-12-31",0.01642,0.016942
"2013-01-02",0.024832,0.025403
"2013-01-03",-0.001913,-0.002086
"2013-01-04",0.005652,0.004865
"2013-01-07",-0.002557,-0.003123
"2013-01-08",-0.002428,-0.003242
"2013-01-09",0.003391,0.002656
"2013-01-10",0.006782,0.007597
"2013-01-11",0.000148,-4.8e-05
"2013-01-14",-0.000353,-0.000931
"2013-01-15",0.001942,0.001129
"2013-01-16",-0.000821,0.000197
"2013-01-17",0.005915,0.005643
"2013-01-18",0.002928,0.003403
"2013-01-22",0.005105,0.004428
"2013-01-23",0.000263,0.001507
"2013-01-24",0.000611,7e-06
"2013-01-25",0.005248,0.005445
"2013-01-28",-0.00134,-0.00185
"2013-01-29",0.003523,0.005106
"2013-01-30",-0.004074,-0.0039
"2013-01-31",-0.000873,-0.002563
"2013-02-01",0.009221,0.010053
"2013-02-04",-0.011064,-0.011539
"2013-02-05",0.009114,0.010416
"2013-02-06",0.001167,0.000549
"2013-02-07",-0.002412,-0.001805
"2013-02-08",0.005382,0.005658
"2013-02-11",-0.00105,-0.000606
"2013-02-12",0.002144,0.001595
"2013-02-13",0.001026,0.000592
"2013-02-14",0.000738,0.000691
"2013-02-15",-0.002097,-0.001045
"2013-02-19",0.006809,0.007337
"2013-02-20",-0.01337,-0.012404
"2013-02-21",-0.007234,-0.006303
"2013-02-22",0.008571,0.008773
"2013-02-25",-0.017177,-0.01831
"2013-02-26",0.005531,0.006109
"2013-02-27",0.012077,0.012726
"2013-02-28",-0.00069,-0.000864
"2013-03-01",0.001698,0.002324
"2013-03-04",0.003633,0.004611
"2013-03-05",0.009151,0.009566
"2013-03-06",0.001455,0.001085
"2013-03-07",0.002229,0.001816
"2013-03-08",0.004812,0.004481
"2013-03-11",0.002628,0.003249
"2013-03-12",-0.001987,-0.002403
"2013-03-13",0.00045,0.001314
"2013-03-14",0.005922,0.005603
"2013-03-15",-0.001573,-0.001618
"2013-03-18",-0.005375,-0.00551
"2013-03-19",-0.002964,-0.002423
"2013-03-20",0.007235,0.006697
"2013-03-21",-0.007587,-0.008282
"2013-03-22",0.005804,0.007174
"2013-03-25",-0.003117,-0.00334
"2013-03-26",0.006972,0.007785
"2013-03-27",-0.000205,-0.000588
"2013-03-28",0.00401,0.004057
"2013-04-01",-0.00549,-0.004474
"2013-04-02",0.002702,0.005172
"2013-04-03",-0.011989,-0.010546
"2013-04-04",0.003781,0.004048
"2013-04-05",-0.003529,-0.004295
"2013-04-08",0.006425,0.006303
"2013-04-09",0.00368,0.003544
"2013-04-10",0.011566,0.012189
"2013-04-11",0.003107,0.003552
"2013-04-12",-0.003811,-0.002837
"2013-04-15",-0.025602,-0.022966
"2013-04-16",0.014651,0.014307
"2013-04-17",-0.014728,-0.014328
"2013-04-18",-0.005717,-0.006701
"2013-04-19",0.009322,0.008848
"2013-04-22",0.004261,0.004662
"2013-04-23",0.0101,0.010419
"2013-04-24",0.002089,6e-06
"2013-04-25",0.004886,0.004035
"2013-04-26",-0.002569,-0.001842
"2013-04-29",0.007319,0.007186
"2013-04-30",0.004127,0.002485
"2013-05-01",-0.010762,-0.009308
"2013-05-02",0.009373,0.009408
"2013-05-03",0.010305,0.010535
"2013-05-06",0.002487,0.001908
"2013-05-07",0.005082,0.00523
"2013-05-08",0.00464,0.004139
"2013-05-09",-0.004008,-0.003687
"2013-05-10",0.004637,0.004322
"2013-05-13",-0.000738,4.3e-05
"2013-05-14",0.00918,0.010142
"2013-05-15",0.003725,0.005114
"2013-05-16",-0.004644,-0.00501
"2013-05-17",0.009372,0.0103
"2013-05-20",0.00062,-0.000708
"2013-05-21",0.001556,0.001722
"2013-05-22",-0.00974,-0.008274
"2013-05-23",-0.002541,-0.002924
"2013-05-24",-0.001095,-0.000551
"2013-05-28",0.00629,0.006341
"2013-05-29",-0.007133,-0.007048
"2013-05-30",0.004039,0.00367
"2013-05-31",-0.013596,-0.014307
"2013-06-03",0.004538,0.005936
"2013-06-04",-0.005591,-0.005511
"2013-06-05",-0.013598,-0.01378
"2013-06-06",0.008864,0.00849
"2013-06-07",0.01136,0.012832
"2013-06-10",0.000118,-0.000347
"2013-06-11",-0.010917,-0.010153
"2013-06-12",-0.008495,-0.00837
"2013-06-13",0.014949,0.014784
"2013-06-14",-0.005394,-0.005885
"2013-06-17",0.007184,0.007567
"2013-06-18",0.007317,0.007791
"2013-06-19",-0.013425,-0.013851
"2013-06-20",-0.025853,-0.02501
"2013-06-21",0.001355,0.00267
"2013-06-24",-0.012451,-0.012145
"2013-06-25",0.010237,0.009497
"2013-06-26",0.008625,0.00959
"2013-06-27",0.007921,0.0062
"2013-06-28",-0.002855,-0.00429
"2013-07-01",0.006611,0.005404
"2013-07-02",-0.001583,-0.000545
"2013-07-03",0.000398,0.000824
"2013-07-05",0.008996,0.010202
"2013-07-08",0.004969,0.005252
"2013-07-09",0.0077,0.00723
"2013-07-10",0.000557,0.000182
"2013-07-11",0.014475,0.013554
"2013-07-12",0.002463,0.003087
"2013-07-15",0.002314,0.001375
"2013-07-16",-0.003795,-0.003709
"2013-07-17",0.002924,0.002774
"2013-07-18",0.005396,0.005033
"2013-07-19",0.001467,0.00161
"2013-07-22",0.00278,0.002033
"2013-07-23",-0.001207,-0.001852
"2013-07-24",-0.004937,-0.003811
"2013-07-25",0.003934,0.002556
"2013-07-26",0.000129,0.000828
"2013-07-29",-0.003876,-0.003736
"2013-07-30",0.000342,0.000374
"2013-07-31",6.5e-05,-0.000136
"2013-08-01",0.012119,0.012541
"2013-08-02",0.001298,0.00164
"2013-08-05",-0.000849,-0.00148
"2013-08-06",-0.006604,-0.005723
"2013-08-07",-0.004801,-0.003806
"2013-08-08",0.005248,0.003885
"2013-08-09",-0.002038,-0.00357
"2013-08-12",-0.000171,-0.001153
"2013-08-13",0.001311,0.002776
"2013-08-14",-0.004263,-0.005177
"2013-08-15",-0.013098,-0.014282
"2013-08-16",-0.002992,-0.003305
"2013-08-19",-0.007146,-0.0059
"2013-08-20",0.00562,0.003821
"2013-08-21",-0.006229,-0.00578
"2013-08-22",0.009106,0.008619
"2013-08-23",0.004269,0.003947
"2013-08-26",-0.002868,-0.00404
"2013-08-27",-0.016313,-0.015874
"2013-08-28",0.002442,0.002748
"2013-08-29",0.003081,0.001963
"2013-08-30",-0.004908,-0.003174
"2013-09-03",0.004451,0.004164
"2013-09-04",0.007434,0.008117
"2013-09-05",0.001777,0.00121
"2013-09-06",0.000952,5.4e-05
"2013-09-09",0.010805,0.009993
"2013-09-10",0.007202,0.007346
"2013-09-11",0.002579,0.003052
"2013-09-12",-0.004258,-0.00338
"2013-09-13",0.002632,0.002715
"2013-09-16",0.005145,0.005693
"2013-09-17",0.004963,0.004218
"2013-09-18",0.012524,0.012178
"2013-09-19",-0.001266,-0.001843
"2013-09-20",-0.007389,-0.007217
"2013-09-23",-0.00422,-0.00472
"2013-09-24",-0.001342,-0.002597
"2013-09-25",-0.001711,-0.002739
"2013-09-26",0.003729,0.003485
"2013-09-27",-0.003693,-0.004074
"2013-09-30",-0.004896,-0.006029
"2013-10-01",0.008609,0.007999
"2013-10-02",-0.00081,-0.000667
"2013-10-03",-0.008614,-0.008979
"2013-10-04",0.006713,0.007053
"2013-10-07",-0.008486,-0.008506
"2013-10-08",-0.013281,-0.012332
"2013-10-09",-0.000531,0.000574
"2013-10-10",0.020854,0.02183
"2013-10-11",0.006883,0.006286
"2013-10-14",0.00408,0.004075
"2013-10-15",-0.006879,-0.007064
"2013-10-16",0.012681,0.013828
"2013-10-17",0.007713,0.006744
"2013-10-18",0.006921,0.006549
"2013-10-21",0.000126,9.2e-05
"2013-10-22",0.005489,0.005738
"2013-10-23",-0.005325,-0.004725
"2013-10-24",0.004041,0.003258
"2013-10-25",0.003146,0.004395
"2013-10-28",0.000332,0.00133
"2013-10-29",0.004318,0.005584
"2013-10-30",-0.005759,-0.004876
"2013-10-31",-0.003605,-0.003839
"2013-11-01",0.001352,0.002903
"2013-11-04",0.004306,0.003571
"2013-11-05",-0.003137,-0.002806
"2013-11-06",0.002608,0.004266
"2013-11-07",-0.014049,-0.013183
"2013-11-08",0.012331,0.013428
"2013-11-11",0.001003,0.000723
"2013-11-12",-0.002315,-0.00237
"2013-11-13",0.008271,0.008095
"2013-11-14",0.004427,0.004837
"2013-11-15",0.00438,0.004222
"2013-11-18",-0.004696,-0.003698
"2013-11-19",-0.003516,-0.002043
"2013-11-20",-0.003348,-0.003636
"2013-11-21",0.0086,0.008129
"2013-11-22",0.004475,0.004961
"2013-11-25",-0.001463,-0.001263
"2013-11-26",0.000958,0.00015
"2013-11-27",0.002552,0.002485
"2013-11-29",9.6e-05,-0.000786
"2013-12-02",-0.003696,-0.002719
"2013-12-03",-0.003772,-0.003193
"2013-12-04",-0.001151,-0.001304
"2013-12-05",-0.00354,-0.00434
"2013-12-06",0.009612,0.011238
"2013-12-09",0.001819,0.001817
"2013-12-10",-0.002839,-0.00318
"2013-12-11",-0.01222,-0.011317
"2013-12-12",-0.002783,-0.003771
"2013-12-13",0.001245,-0.000101
"2013-12-16",0.006432,0.00632
"2013-12-17",-0.002362,-0.003101
"2013-12-18",0.014327,0.016648
"2013-12-19",-0.001127,-0.00058
"2013-12-20",0.006773,0.004819
"2013-12-23",0.006061,0.005318
"2013-12-24",0.003325,0.002916
"2013-12-26",0.003959,0.004745
"2013-12-27",-0.000327,-0.000337
"2013-12-30",0.000212,-0.000179
"2013-12-31",0.004203,0.00396
"2014-01-02",-0.008884,-0.008862
"2014-01-03",0.000436,-0.000333
"2014-01-06",-0.00336,-0.002512
"2014-01-07",0.006081,0.006082
"2014-01-08",-4e-05,-0.000212
"2014-01-09",2.9e-05,0.000348
"2014-01-10",0.003566,0.002307
"2014-01-13",-0.011741,-0.012576
"2014-01-14",0.010239,0.010818
"2014-01-15",0.005036,0.005166
"2014-01-16",-0.000299,-0.001347
"2014-01-17",-0.003467,-0.003895
"2014-01-21",0.003336,0.002774
"2014-01-22",0.001389,0.000575
"2014-01-23",-0.008205,-0.00889
"2014-01-24",-0.021142,-0.020875
"2014-01-27",-0.006679,-0.004876
"2014-01-28",0.007287,0.006141
"2014-01-29",-0.010102,-0.010209
"2014-01-30",0.01142,0.011267
"2014-01-31",-0.005809,-0.006465
"2014-02-03",-0.023224,-0.022832
"2014-02-04",0.007548,0.007641
"2014-02-05",-0.002236,-0.002028
"2014-02-06",0.011542,0.01244
"2014-02-07",0.012587,0.013302
"2014-02-10",0.001547,0.001569
"2014-02-11",0.01055,0.011062
"2014-02-12",0.000773,-0.000269
"2014-02-13",0.006846,0.00581
"2014-02-14",0.004035,0.004809
"2014-02-18",0.003061,0.001158
"2014-02-19",-0.006863,-0.006524
"2014-02-20",0.006294,0.006031
"2014-02-21",-0.000912,-0.001919
"2014-02-24",0.006155,0.006187
"2014-02-25",-0.001287,-0.001348
"2014-02-26",0.000861,2.2e-05
"2014-02-27",0.004761,0.004948
"2014-02-28",0.00164,0.002783
"2014-03-03",-0.006699,-0.007379
"2014-03-04",0.015414,0.015268
"2014-03-05",0.000206,-5.3e-05
"2014-03-06",0.00157,0.001718
"2014-03-07",-0.000889,0.000538
"2014-03-10",-0.001306,-0.000463
"2014-03-11",-0.005578,-0.005082
"2014-03-12",0.001019,0.000305
"2014-03-13",-0.011248,-0.011701
"2014-03-14",-0.00141,-0.002822
"2014-03-17",0.008262,0.009614
"2014-03-18",0.007634,0.00722
"2014-03-19",-0.006808,-0.006132
"2014-03-20",0.004689,0.006041
"2014-03-21",-0.002931,-0.002933
"2014-03-24",-0.006096,-0.004865
"2014-03-25",0.00328,0.004404
"2014-03-26",-0.008204,-0.007
"2014-03-27",-0.001269,-0.0019
"2014-03-28",0.004394,0.00464
"2014-03-31",0.009149,0.007924
"2014-04-01",0.008162,0.007039
"2014-04-02",0.002698,0.002853
"2014-04-03",-0.003128,-0.001126
"2014-04-04",-0.01262,-0.012537
"2014-04-07",-0.011668,-0.01075
"2014-04-08",0.005165,0.003751
"2014-04-09",0.011224,0.010918
"2014-04-10",-0.020783,-0.020885
"2014-04-11",-0.00989,-0.009487
"2014-04-14",0.006514,0.008217
"2014-04-15",0.005153,0.006757
"2014-04-16",0.010605,0.010488
"2014-04-17",0.002237,0.001364
"2014-04-21",0.003465,0.003775
"2014-04-22",0.005517,0.004092
"2014-04-23",-0.00285,-0.002213
"2014-04-24",0.000689,0.001717
"2014-04-25",-0.009473,-0.008096
"2014-04-28",0.000931,0.003236
"2014-04-29",0.005586,0.004761
"2014-04-30",0.003343,0.002992
"2014-05-01",0.000668,-0.000143
"2014-05-02",-0.000272,-0.001348
"2014-05-05",0.001235,0.001871
"2014-05-06",-0.008781,-0.008988
"2014-05-07",0.004047,0.005616
"2014-05-08",-0.002892,-0.001374
"2014-05-09",0.001443,0.001519
"2014-05-12",0.01109,0.009673
"2014-05-13",-0.000886,0.000422
"2014-05-14",-0.004868,-0.004701
"2014-05-15",-0.008526,-0.009362
"2014-05-16",0.003375,0.003747
"2014-05-19",0.004233,0.003845
"2014-05-20",-0.006977,-0.006498
"2014-05-21",0.007305,0.008116
"2014-05-22",0.003398,0.002362
"2014-05-23",0.004699,0.004248
"2014-05-27",0.005887,0.005988
"2014-05-28",-0.001476,-0.001114
"2014-05-29",0.004814,0.005367
"2014-05-30",0.000634,0.001844
"2014-06-02",0.000599,0.000728
"2014-06-03",-0.000406,-0.000379
"2014-06-04",0.00241,0.001892
"2014-06-05",0.007198,0.006525
"2014-06-06",0.005003,0.004628
"2014-06-09",0.001836,0.000939
"2014-06-10",-0.000406,-0.000246
"2014-06-11",-0.003216,-0.003537
"2014-06-12",-0.005976,-0.007089
"2014-06-13",0.003037,0.003135
"2014-06-16",0.001403,0.000837
"2014-06-17",0.002931,0.002173
"2014-06-18",0.00693,0.007719
"2014-06-19",0.001576,0.001277
"2014-06-20",0.001998,0.00173
"2014-06-23",9.7e-05,-0.000132
"2014-06-24",-0.007149,-0.006435
"2014-06-25",0.004947,0.004897
"2014-06-26",-0.000775,-0.001179
"2014-06-27",0.002832,0.001911
"2014-06-30",0.000973,-0.000372
"2014-07-01",0.006642,0.006678
"2014-07-02",-0.000375,0.000659
"2014-07-03",0.004959,0.00548
"2014-07-07",-0.006168,-0.003924
"2014-07-08",-0.007534,-0.007049
"2014-07-09",0.004414,0.004644
"2014-07-10",-0.004863,-0.004131
"2014-07-11",0.000688,0.001471
"2014-07-14",0.004559,0.004844
"2014-07-15",-0.003294,-0.001932
"2014-07-16",0.003666,0.004201
"2014-07-17",-0.011031,-0.011834
"2014-07-18",0.010245,0.010265
"2014-07-21",-0.002193,-0.00232
"2014-07-22",0.005064,0.005016
"2014-07-23",0.001822,0.001754
"2014-07-24",0.000216,0.000488
"2014-07-25",-0.005038,-0.004849
"2014-07-28",-0.000517,0.000288
"2014-07-29",-0.003772,-0.004528
"2014-07-30",0.000376,6.1e-05
"2014-07-31",-0.019455,-0.019999
"2014-08-01",-0.003484,-0.002859
"2014-08-04",0.007112,0.007189
"2014-08-05",-0.008969,-0.009685
"2014-08-06",1.9e-05,1.6e-05
"2014-08-07",-0.005092,-0.005557
"2014-08-08",0.010265,0.011531
"2014-08-11",0.004648,0.002759
"2014-08-12",-0.002243,-0.001637
"2014-08-13",0.006385,0.006707
"2014-08-14",0.004125,0.004346
"2014-08-15",0.000198,-6.1e-05
"2014-08-18",0.00847,0.008532
"2014-08-19",0.004562,0.005001
"2014-08-20",0.001916,0.002478
"2014-08-21",0.002435,0.00295
"2014-08-22",-0.001528,-0.001993
"2014-08-25",0.004523,0.004788
"2014-08-26",0.00217,0.001051
"2014-08-27",0.000439,5e-05
"2014-08-28",-0.001914,-0.00169
"2014-08-29",0.003738,0.00332
"2014-09-02",-3.7e-05,-0.000544
"2014-09-03",-0.000717,-0.000779
"2014-09-04",-0.002435,-0.001534
"2014-09-05",0.004349,0.005036
"2014-09-08",-0.002909,-0.003073
"2014-09-09",-0.006331,-0.006545
"2014-09-10",0.003244,0.003646
"2014-09-11",0.00103,0.000882
"2014-09-12",-0.006615,-0.005963
"2014-09-15",-0.002897,-0.00071
"2014-09-16",0.006999,0.007484
"2014-09-17",0.000765,0.001296
"2014-09-18",0.004401,0.004891
"2014-09-19",-0.002445,-0.000477
"2014-09-22",-0.010108,-0.008013
"2014-09-23",-0.006066,-0.005776
"2014-09-24",0.006971,0.007832
"2014-09-25",-0.01557,-0.016169
"2014-09-26",0.008147,0.008576
"2014-09-29",-0.002499,-0.002547
"2014-09-30",-0.004133,-0.002786
"2014-10-01",-0.01305,-0.013249
"2014-10-02",0.000718,5e-06
"2014-10-03",0.009059,0.011166
"2014-10-06",-0.001609,-0.001565
"2014-10-07",-0.014997,-0.015126
"2014-10-08",0.015622,0.017462
"2014-10-09",-0.021269,-0.020661
"2014-10-10",-0.013432,-0.011451
"2014-10-13",-0.015501,-0.016468
"2014-10-14",0.002311,0.001579
"2014-10-15",-0.004564,-0.0081
"2014-10-16",0.003809,0.000145
"2014-10-17",0.010812,0.012884
"2014-10-20",0.009229,0.009143
"2014-10-21",0.019217,0.019574
"2014-10-22",-0.008964,-0.007299
"2014-10-23",0.012208,0.012303
"2014-10-24",0.006005,0.007053
"2014-10-27",-0.002179,-0.001502
"2014-10-28",0.013738,0.011939
"2014-10-29",-0.002425,-0.001385
"2014-10-30",0.004867,0.00623
"2014-10-31",0.01151,0.011731
"2014-11-03",-0.000729,-0.000119
"2014-11-04",-0.004642,-0.00283
"2014-11-05",0.004576,0.005701
"2014-11-06",0.003558,0.003776
"2014-11-07",0.001866,0.00035
"2014-11-10",0.002676,0.00312
"2014-11-11",0.00112,0.000697
"2014-11-12",0.000306,-0.000701
"2014-11-13",-0.001038,0.00053
"2014-11-14",0.00123,0.00024
"2014-11-17",-0.000266,0.000735
"2014-11-18",0.005328,0.005134
"2014-11-19",-0.002432,-0.001501
"2014-11-20",0.003264,0.001967
"2014-11-21",0.005221,0.005237
"2014-11-24",0.003156,0.002864
"2014-11-25",-0.000508,-0.00115
"2014-11-26",0.002502,0.002806
"2014-11-28",-0.006139,-0.002542
"2014-12-01",-0.009064,-0.006829
"2014-12-02",0.00582,0.006384
"2014-12-03",0.005021,0.003765
"2014-12-04",-0.00218,-0.001162
"2014-12-05",0.001456,0.001665
"2014-12-08",-0.009584,-0.007257
"2014-12-09",0.00168,-0.000238
"2014-12-10",-0.017515,-0.016351
"2014-12-11",0.003775,0.004536
"2014-12-12",-0.015269,-0.016214
"2014-12-15",-0.00771,-0.006343
"2014-12-16",-0.00587,-0.008489
"2014-12-17",0.021662,0.020352
"2014-12-18",0.021404,0.024015
"2014-12-19",0.004495,0.00457
"2014-12-22",0.003058,0.00381
"2014-12-23",0.002144,0.001746
"2014-12-24",0.000439,-0.000139
"2014-12-26",0.003642,0.00331
"2014-12-29",0.000968,0.000862
"2014-12-30",-0.004385,-0.004889
"2014-12-31",-0.008789,-0.010311
"2015-01-02",-0.000387,-0.00034
"2015-01-05",-0.018328,-0.018278
"2015-01-06",-0.009663,-0.008893
"2015-01-07",0.010908,0.01163
"2015-01-08",0.016817,0.017888
"2015-01-09",-0.007551,-0.008404
"2015-01-12",-0.007786,-0.008094
"2015-01-13",-0.002374,-0.002579
"2015-01-14",-0.005249,-0.005813
"2015-01-15",-0.009205,-0.009248
"2015-01-16",0.013827,0.013424
"2015-01-20",0.000225,0.00155
"2015-01-21",0.004454,0.004732
"2015-01-22",0.014664,0.01527
"2015-01-23",-0.004203,-0.005492
"2015-01-26",0.004396,0.002568
"2015-01-27",-0.01001,-0.013388
"2015-01-28",-0.014236,-0.013496
"2015-01-29",0.008376,0.009535
"2015-01-30",-0.012174,-0.012992
"2015-02-02",0.012176,0.012962
"2015-02-03",0.014993,0.014439
"2015-02-04",-0.00471,-0.004156
"2015-02-05",0.011235,0.010291
"2015-02-06",-0.003777,-0.003418
"2015-02-09",-0.004121,-0.004247
"2015-02-10",0.008563,0.010676
"2015-02-11",-0.000662,-2.9e-05
"2015-02-12",0.010233,0.009645
"2015-02-13",0.004668,0.004075
"2015-02-17",0.001637,0.001598
"2015-02-18",4.1e-05,-0.000314
"2015-02-19",-0.001163,-0.001062
"2015-02-20",0.005624,0.006126
"2015-02-23",-0.000679,-0.000303
"2015-02-24",0.002273,0.002759
"2015-02-25",0.000537,-0.000766
"2015-02-26",-0.001683,-0.001476
"2015-02-27",-0.002623,-0.002956
"2015-03-02",0.005398,0.006125
"2015-03-03",-0.004066,-0.004539
"2015-03-04",-0.003924,-0.004389
"2015-03-05",0.001579,0.001196
"2015-03-06",-0.013957,-0.014174
"2015-03-09",0.002776,0.003944
"2015-03-10",-0.015566,-0.016961
"2015-03-11",-0.00039,-0.001918
"2015-03-12",0.011765,0.012601
"2015-03-13",-0.005562,-0.006075
"2015-03-16",0.011749,0.013534
"2015-03-17",-0.001761,-0.00332
"2015-03-18",0.012044,0.012158
"2015-03-19",-0.004583,-0.004873
"2015-03-20",0.009312,0.009013
"2015-03-23",-0.000996,-0.001746
"2015-03-24",-0.004626,-0.006139
"2015-03-25",-0.014824,-0.014559
"2015-03-26",-0.002251,-0.002377
"2015-03-27",0.002232,0.002369
"2015-03-30",0.011441,0.012237
"2015-03-31",-0.007193,-0.008796
"2015-04-01",-0.00279,-0.003965
"2015-04-02",0.003929,0.00353
"2015-04-06",0.006568,0.006609
"2015-04-07",-0.002163,-0.002062
"2015-04-08",0.003333,0.002683
"2015-04-09",0.003337,0.004457
"2015-04-10",0.004582,0.005203
"2015-04-13",-0.003803,-0.004581
"2015-04-14",0.001875,0.00163
"2015-04-15",0.006169,0.005148
"2015-04-16",-0.000446,-0.000778
"2015-04-17",-0.011302,-0.011311
"2015-04-20",0.00805,0.009235
"2015-04-21",-0.001059,-0.001481
"2015-04-22",0.00409,0.005088
"2015-04-23",0.003475,0.002358
"2015-04-24",0.001158,0.002253
"2015-04-27",-0.004795,-0.004141
"2015-04-28",0.00233,0.002769
"2015-04-29",-0.004006,-0.00374
"2015-04-30",-0.010735,-0.010129
"2015-05-01",0.009243,0.010923
"2015-05-04",0.002954,0.002941
"2015-05-05",-0.01164,-0.011837
"2015-05-06",-0.003675,-0.004456
"2015-05-07",0.003134,0.003774
"2015-05-08",0.012064,0.013458
"2015-05-11",-0.00418,-0.00509
"2015-05-12",-0.002288,-0.00295
"2015-05-13",-2.8e-05,-0.000305
"2015-05-14",0.009608,0.010779
"2015-05-15",0.000968,0.000768
"2015-05-18",0.003282,0.003048
"2015-05-19",-0.001502,-0.000643
"2015-05-20",-0.000407,-0.000931
"2015-05-21",0.002365,0.002338
"2015-05-22",-0.00226,-0.002234
"2015-05-26",-0.010475,-0.010282
"2015-05-27",0.008495,0.009163
"2015-05-28",-0.001341,-0.001267
"2015-05-29",-0.00585,-0.006318
"2015-06-01",0.001435,0.002059
"2015-06-02",0.00033,-0.001009
"2015-06-03",0.002506,0.002119
"2015-06-04",-0.008899,-0.008623
"2015-06-05",-6e-05,-0.001436
"2015-06-08",-0.006643,-0.006474
"2015-06-09",-7.2e-05,0.000418
"2015-06-10",0.011433,0.012042
"2015-06-11",0.001616,0.001739
"2015-06-12",-0.006217,-0.006994
"2015-06-15",-0.004069,-0.004622
"2015-06-16",0.004934,0.00569
"2015-06-17",0.001698,0.00198
"2015-06-18",0.009164,0.009903
"2015-06-19",-0.004937,-0.005304
"2015-06-22",0.005805,0.006095
"2015-06-23",0.001229,0.000636
"2015-06-24",-0.007515,-0.007353
"2015-06-25",-0.002789,-0.002974
"2015-06-26",-0.001116,-0.00039
"2015-06-29",-0.021576,-0.020866
"2015-06-30",0.002925,0.002658
"2015-07-01",0.005283,0.006936
"2015-07-02",-0.00061,-0.000308
"2015-07-06",-0.004548,-0.003862
"2015-07-07",0.004943,0.006081
"2015-07-08",-0.016717,-0.016653
"2015-07-09",0.002724,0.002262
"2015-07-10",0.012669,0.012338
"2015-07-13",0.010164,0.011066
"2015-07-14",0.004713,0.004453
"2015-07-15",-0.002505,-0.000735
"2015-07-16",0.006949,0.008015
"2015-07-17",-0.000639,0.001106
"2015-07-20",-0.00124,0.000771
"2015-07-21",-0.00409,-0.004262
"2015-07-22",-0.002444,-0.002388
"2015-07-23",-0.005551,-0.005676
"2015-07-24",-0.01003,-0.010703
"2015-07-27",-0.007089,-0.005775
"2015-07-28",0.012254,0.012386
"2015-07-29",0.007413,0.007319
"2015-07-30",0.000691,2.8e-05
"2015-07-31",-0.000786,-0.002272
"2015-08-03",-0.003701,-0.002757
"2015-08-04",-0.001794,-0.00225
"2015-08-05",0.002241,0.003115
"2015-08-06",-0.008068,-0.007753
"2015-08-07",-0.003306,-0.002875
"2015-08-10",0.013111,0.012808
"2015-08-11",-0.009393,-0.009557
"2015-08-12",0.000482,0.00095
"2015-08-13",-0.002185,-0.001275
"2015-08-14",0.00376,0.003912
"2015-08-17",0.005605,0.005211
"2015-08-18",-0.003644,-0.002626
"2015-08-19",-0.00885,-0.008255
"2015-08-20",-0.021653,-0.0211
"2015-08-21",-0.028126,-0.031851
"2015-08-24",-0.038601,-0.039414
"2015-08-25",-0.010311,-0.013522
"2015-08-26",0.033715,0.039034
"2015-08-27",0.024307,0.024298
"2015-08-28",0.002425,0.000609
"2015-08-31",-0.007349,-0.008392
"2015-09-01",-0.028237,-0.029576
"2015-09-02",0.016209,0.018293
"2015-09-03",0.001791,0.001165
"2015-09-04",-0.013816,-0.01533
"2015-09-08",0.023584,0.025083
"2015-09-09",-0.012874,-0.013898
"2015-09-10",0.004324,0.005278
"2015-09-11",0.003138,0.004487
"2015-09-14",-0.004284,-0.00409
"2015-09-15",0.011402,0.012831
"2015-09-16",0.009485,0.008705
"2015-09-17",-0.00082,-0.002561
"2015-09-18",-0.015467,-0.016164
"2015-09-21",0.003295,0.004566
"2015-09-22",-0.013678,-0.012318
"2015-09-23",-0.003573,-0.002049
"2015-09-24",-0.003726,-0.003363
"2015-09-25",-0.002237,-0.000466
"2015-09-28",-0.027365,-0.025666
"2015-09-29",-0.000971,0.001233
"2015-09-30",0.019381,0.019076
"2015-10-01",0.00186,0.001974
"2015-10-02",0.015051,0.014315
"2015-10-05",0.018729,0.01829
"2015-10-06",-0.003136,-0.003588
"2015-10-07",0.009518,0.008036
"2015-10-08",0.008506,0.008818
"2015-10-09",0.001411,0.000725
"2015-10-12",-0.000202,0.001276
"2015-10-13",-0.007894,-0.006825
"2015-10-14",-0.004343,-0.004716
"2015-10-15",0.014666,0.014853
"2015-10-16",0.003418,0.00457
"2015-10-19",-0.000689,0.000271
"2015-10-20",-0.001191,-0.001421
"2015-10-21",-0.008126,-0.005825
"2015-10-22",0.013868,0.016628
"2015-10-23",0.009493,0.01103
"2015-10-26",-0.00281,-0.001913
"2015-10-27",-0.004504,-0.002554
"2015-10-28",0.01351,0.01184
"2015-10-29",-0.002367,-0.00045
"2015-10-30",-0.004019,-0.00481
"2015-11-02",0.012409,0.011874
"2015-11-03",0.00304,0.002728
"2015-11-04",-0.003671,-0.003545
"2015-11-05",-0.001563,-0.001132
"2015-11-06",-0.000491,-0.000348
"2015-11-09",-0.009762,-0.009823
"2015-11-10",0.001072,0.001511
"2015-11-11",-0.004136,-0.003228
"2015-11-12",-0.014722,-0.01399
"2015-11-13",-0.009798,-0.011207
"2015-11-16",0.013607,0.014903
"2015-11-17",-0.001519,-0.001339
"2015-11-18",0.015198,0.016162
"2015-11-19",-0.001034,-0.001123
"2015-11-20",0.002884,0.00381
"2015-11-23",-0.000707,-0.001235
"2015-11-24",0.002306,0.001222
"2015-11-25",0.001064,-0.000129
"2015-11-27",0.000595,0.000594
"2015-11-30",-0.003966,-0.004641
"2015-12-01",0.009417,0.010681
"2015-12-02",-0.010923,-0.010996
"2015-12-03",-0.014346,-0.014374
"2015-12-04",0.016441,0.020526
"2015-12-07",-0.009826,-0.00699
"2015-12-08",-0.006191,-0.00649
"2015-12-09",-0.006711,-0.007739
"2015-12-10",0.001954,0.002251
"2015-12-11",-0.020022,-0.019423
"2015-12-14",0.001523,0.004756
"2015-12-15",0.011291,0.010619
"2015-12-16",0.014802,0.014515
"2015-12-17",-0.014725,-0.015041
"2015-12-18",-0.015156,-0.017797
"2015-12-21",0.006894,0.007778
"2015-12-22",0.008749,0.008817
"2015-12-23",0.013561,0.012418
"2015-12-24",-0.000948,-0.001599
"2015-12-28",-0.003337,-0.002179
"2015-12-29",0.009731,0.01063
"2015-12-30",-0.007472,-0.007217
"2015-12-31",-0.008207,-0.009412
"2016-01-04",-0.015053,-0.015304
"2016-01-05",0.001394,0.002012
"2016-01-06",-0.014067,-0.013115
"2016-01-07",-0.023933,-0.0237
"2016-01-08",-0.01094,-0.010838
"2016-01-11",-0.001736,0.000853
"2016-01-12",0.006058,0.007803
"2016-01-13",-0.025947,-0.024965
"2016-01-14",0.015404,0.016696
"2016-01-15",-0.021706,-0.021599
"2016-01-19",-0.002421,0.000532
"2016-01-20",-0.010704,-0.011694
"2016-01-21",0.00563,0.005195
"2016-01-22",0.022443,0.020284
"2016-01-25",-0.016752,-0.015638
"2016-01-26",0.015917,0.014144
"2016-01-27",-0.010697,-0.010863
"2016-01-28",0.004927,0.005529
"2016-01-29",0.024504,0.02476
"2016-02-01",-0.000409,-0.000443
"2016-02-02",-0.020048,-0.018743
"2016-02-03",0.005418,0.004992
"2016-02-04",0.003412,0.001527
"2016-02-05",-0.019632,-0.018481
"2016-02-08",-0.017047,-0.014154
"2016-02-09",-0.003224,-0.000664
"2016-02-10",-9e-06,-0.000189
"2016-02-11",-0.012157,-0.012301
"2016-02-12",0.020049,0.019518
"2016-02-16",0.017448,0.016517
"2016-02-17",0.017983,0.01648
"2016-02-18",-0.004284,-0.004666
"2016-02-19",-0.000351,-2.6e-05
"2016-02-22",0.014289,0.014454
"2016-02-23",-0.011836,-0.012454
"2016-02-24",0.004917,0.00444
"2016-02-25",0.010834,0.011348
"2016-02-26",0.000181,-0.00187
"2016-02-29",-0.005969,-0.008121
"2016-03-01",0.022243,0.023869
"2016-03-02",0.005516,0.004094
"2016-03-03",0.005503,0.003499
"2016-03-04",0.004072,0.003306
"2016-03-07",0.003165,0.000885
"2016-03-08",-0.013703,-0.01124
"2016-03-09",0.00537,0.005052
"2016-03-10",-0.001337,0.000156
"2016-03-11",0.017173,0.016396
"2016-03-14",-0.001637,-0.001261
"2016-03-15",-0.004532,-0.001837
"2016-03-16",0.007399,0.0056
"2016-03-17",0.00823,0.006595
"2016-03-18",0.003775,0.004406
"2016-03-21",0.000447,0.000986
"2016-03-22",-0.000487,-0.000877
"2016-03-23",-0.009544,-0.006386
"2016-03-24",-0.000148,-0.000378
"2016-03-28",0.000793,0.000545
"2016-03-29",0.010788,0.008817
"2016-03-30",0.004374,0.00435
"2016-03-31",-0.000878,-0.00204
"2016-04-01",0.004594,0.006331
"2016-04-04",-0.004541,-0.003208
"2016-04-05",-0.010016,-0.010145
"2016-04-06",0.010799,0.010508
"2016-04-07",-0.011686,-0.011976
"2016-04-08",0.004307,0.002787
"2016-04-11",-0.001837,-0.00274
"2016-04-12",0.01037,0.009662
"2016-04-13",0.011192,0.01004
"2016-04-14",-0.000544,0.000173
"2016-04-15",-0.00057,-0.000984
"2016-04-18",0.006751,0.006541
"2016-04-19",0.004485,0.003085
"2016-04-20",0.001178,0.000762
"2016-04-21",-0.005335,-0.005194
"2016-04-22",0.001831,4.8e-05
"2016-04-25",-0.002797,-0.001812
"2016-04-26",0.003355,0.001873
"2016-04-27",0.002515,0.001649
"2016-04-28",-0.008682,-0.009231
"2016-04-29",-0.004496,-0.005063
"2016-05-02",0.006695,0.00781
"2016-05-03",-0.011129,-0.008677
"2016-05-04",-0.006395,-0.005937
"2016-05-05",-0.000625,-0.000239
"2016-05-06",0.00339,0.003175
"2016-05-09",-0.000215,0.000753
"2016-05-10",0.012262,0.012484
"2016-05-11",-0.008705,-0.009562
"2016-05-12",-0.001042,-0.00017
"2016-05-13",-0.008035,-0.008478
"2016-05-16",0.010127,0.009797
"2016-05-17",-0.00882,-0.009411
"2016-05-18",-0.000931,0.000205
"2016-05-19",-0.003806,-0.003707
"2016-05-20",0.007522,0.006019
"2016-05-23",-0.001822,-0.002085
"2016-05-24",0.013088,0.013681
"2016-05-25",0.00725,0.006975
"2016-05-26",-0.000285,-0.00021
"2016-05-27",0.004262,0.004287
"2016-05-31",-0.000393,-0.001
"2016-06-01",0.002191,0.00113
"2016-06-02",0.003516,0.002825
"2016-06-03",-0.001965,-0.002912
"2016-06-06",0.006103,0.004897
"2016-06-07",0.002091,0.001289
"2016-06-08",0.003378,0.003309
"2016-06-09",-0.002858,-0.001718
"2016-06-10",-0.011246,-0.009175
"2016-06-13",-0.008417,-0.008115
"2016-06-14",-0.002918,-0.001799
"2016-06-15",-0.000565,-0.001841
"2016-06-16",0.001788,0.003133
"2016-06-17",-0.001838,-0.003258
"2016-06-20",0.007217,0.005808
"2016-06-21",0.002165,0.002712
"2016-06-22",-0.00199,-0.001652
"2016-06-23",0.0144,0.013364
"2016-06-24",-0.036645,-0.03592
"2016-06-27",-0.020321,-0.018097
"2016-06-28",0.017767,0.01777
"2016-06-29",0.017494,0.017033
"2016-06-30",0.013151,0.013565
"2016-07-01",0.002845,0.001949
"2016-07-05",-0.00828,-0.006848
"2016-07-06",0.00514,0.005353
"2016-07-07",-0.000771,-0.000872
"2016-07-08",0.015462,0.015253
"2016-07-11",0.004208,0.003409
"2016-07-12",0.007918,0.007009
"2016-07-13",-0.000331,0.000135
"2016-07-14",0.004664,0.005259
"2016-07-15",-0.000807,-0.000929
"2016-07-18",0.002573,0.002382
"2016-07-19",-0.002382,-0.001435
"2016-07-20",0.004528,0.00427
"2016-07-21",-0.003337,-0.003612
"2016-07-22",0.004465,0.004554
"2016-07-25",-0.00316,-0.003011
"2016-07-26",0.001592,0.000323
"2016-07-27",-0.00133,-0.001199
"2016-07-28",0.001554,0.001606
"2016-07-29",0.002581,0.001631
"2016-08-01",-0.002293,-0.00127
"2016-08-02",-0.007131,-0.006362
"2016-08-03",0.004113,0.003134
"2016-08-04",0.000591,0.000213
"2016-08-05",0.008034,0.008603
"2016-08-08",2.2e-05,-0.000907
"2016-08-09",0.001028,0.00039
"2016-08-10",-0.00284,-0.002865
"2016-08-11",0.004648,0.004735
"2016-08-12",-0.000547,-0.000796
"2016-08-15",0.003916,0.002793
"2016-08-16",-0.005615,-0.005479
"2016-08-17",0.000825,0.001869
"2016-08-18",0.003359,0.0022
"2016-08-19",-0.001927,-0.00144
"2016-08-22",-0.000451,-0.000563
"2016-08-23",0.002802,0.001952
"2016-08-24",-0.006099,-0.00524
"2016-08-25",-0.000691,-0.001365
"2016-08-26",-0.001846,-0.001579
"2016-08-29",0.005098,0.005228
"2016-08-30",-0.001643,-0.001954
"2016-08-31",-0.002719,-0.002376
"2016-09-01",0.000685,-4.1e-05
"2016-09-02",0.005839,0.004201
"2016-09-06",0.003369,0.002982
"2016-09-07",0.000621,-0.000146
"2016-09-08",-0.002134,-0.002223
"2016-09-09",-0.025024,-0.024522
"2016-09-12",0.013295,0.014677
"2016-09-13",-0.016197,-0.014831
"2016-09-14",-0.000603,-0.000588
"2016-09-15",0.009983,0.010109
"2016-09-16",-0.003957,-0.003772
"2016-09-19",0.00136,-1.9e-05
"2016-09-20",-0.000421,0.000299
"2016-09-21",0.011823,0.010917
"2016-09-22",0.007758,0.0065
"2016-09-23",-0.005943,-0.005737
"2016-09-26",-0.008365,-0.008588
"2016-09-27",0.005067,0.006444
"2016-09-28",0.006442,0.005296
"2016-09-29",-0.009267,-0.009321
"2016-09-30",0.0078,0.007968
"2016-10-03",-0.003173,-0.003261
"2016-10-04",-0.005707,-0.004956
"2016-10-05",0.004634,0.004297
"2016-10-06",-0.000778,0.000482
"2016-10-07",-0.003861,-0.003253
"2016-10-10",0.005594,0.004606
"2016-10-11",-0.012627,-0.012447
"2016-10-12",0.000849,0.001147
"2016-10-13",-0.003359,-0.003099
"2016-10-14",-0.000329,0.000202
"2016-10-17",-0.002544,-0.003038
"2016-10-18",0.006554,0.00616
"2016-10-19",0.002893,0.002192
"2016-10-20",-0.001741,-0.001376
"2016-10-21",-0.00012,-8.4e-05
"2016-10-24",0.004397,0.00475
"2016-10-25",-0.004391,-0.003798
"2016-10-26",-0.002812,-0.00174
"2016-10-27",-0.004107,-0.002987
"2016-10-28",-0.002635,-0.003108
"2016-10-31",0.000418,-0.000122
"2016-11-01",-0.006812,-0.006787
"2016-11-02",-0.007812,-0.006525
"2016-11-03",-0.00425,-0.004423
"2016-11-04",-0.001281,-0.001666
"2016-11-07",0.020904,0.022224
"2016-11-08",0.003529,0.003772
"2016-11-09",0.011949,0.011077
"2016-11-10",0.001865,0.001951
"2016-11-11",0.000261,-0.001398
"2016-11-14",0.002274,-0.000116
"2016-11-15",0.007725,0.007481
"2016-11-16",-0.001722,-0.001582
"2016-11-17",0.004556,0.004676
"2016-11-18",-0.001482,-0.002387
"2016-11-21",0.007741,0.007461
"2016-11-22",0.002992,0.002165
"2016-11-23",0.00091,0.000808
"2016-11-25",0.003617,0.003914
"2016-11-28",-0.006059,-0.005254
"2016-11-29",0.00077,0.001335
"2016-11-30",-0.001744,-0.002653
"2016-12-01",-0.00428,-0.003516
"2016-12-02",0.000696,0.000397
"2016-12-05",0.00723,0.005821
"2016-12-06",0.004729,0.003411
"2016-12-07",0.0122,0.013163
"2016-12-08",0.003637,0.002159
"2016-12-09",0.003896,0.005939
"2016-12-12",-0.0025,-0.001137
"2016-12-13",0.005584,0.00654
"2016-12-14",-0.009699,-0.008117
"2016-12-15",0.003544,0.003883
"2016-12-16",-0.001286,-0.001751
"2016-12-19",0.002021,0.001975
"2016-12-20",0.00417,0.003638
"2016-12-21",-0.002675,-0.002457
"2016-12-22",-0.002988,-0.001863
"2016-12-23",0.001754,0.001252
"2016-12-27",0.002509,0.002248
"2016-12-28",-0.008258,-0.008357
"2016-12-29",0.000517,-0.000293
"2016-12-30",-0.00407,-0.004637
"2017-01-03",0.008177,0.008487
"2017-01-04",0.008463,0.005722
"2017-01-05",-0.000955,-0.000771
"2017-01-06",0.002084,0.003517
"2017-01-09",-0.003932,-0.003549
"2017-01-10",0.001304,0.0
"2017-01-11",0.003117,0.00283
"2017-01-12",-0.002558,-0.002145
"2017-01-13",0.002813,0.00185
"2017-01-17",-0.003716,-0.002968
"2017-01-18",0.001299,0.001764
"2017-01-19",-0.003912,-0.003609
"2017-01-20",0.003601,0.003366
"2017-01-23",-0.001943,-0.00269
"2017-01-24",0.008343,0.006565
"2017-01-25",0.008075,0.008026
"2017-01-26",-0.001172,-0.000735
"2017-01-27",-0.001708,-0.000866
"2017-01-30",-0.007118,-0.00601
"2017-01-31",0.000823,-0.00089
"2017-02-01",5.4e-05,0.000298
"2017-02-02",0.000532,0.00057
"2017-02-03",0.007688,0.007265
"2017-02-06",-0.00273,-0.002115
"2017-02-07",-0.000578,0.000227
"2017-02-08",0.000976,0.000693
"2017-02-09",0.006356,0.005752
"2017-02-10",0.004054,0.003566
"2017-02-13",0.004442,0.005246
"2017-02-14",0.003687,0.004007
"2017-02-15",0.00464,0.004992
"2017-02-16",-0.001348,-0.000864
"2017-02-17",0.001871,0.001679
"2017-02-21",0.005799,0.006048
"2017-02-22",-0.001818,-0.001082
"2017-02-23",-0.000995,0.000419
"2017-02-24",0.000262,0.001493
"2017-02-27",0.001878,0.001018
"2017-02-28",-0.004674,-0.002578
"2017-03-01",0.013168,0.013674
"2017-03-02",-0.006928,-0.00586
"2017-03-03",0.00092,0.000504
"2017-03-06",-0.003832,-0.003277
"2017-03-07",-0.003505,-0.002913
"2017-03-08",-0.003506,-0.002284
"2017-03-09",-0.000283,0.0008
"2017-03-10",0.00341,0.003269
"2017-03-13",0.001376,0.000367
"2017-03-14",-0.004225,-0.003379
"2017-03-15",0.010075,0.008375
"2017-03-16",-0.00065,-0.001627
"2017-03-17",-0.000885,-0.001314
"2017-03-20",-0.002367,-0.00201
"2017-03-21",-0.013684,-0.012408
"2017-03-22",0.001734,0.00189
"2017-03-23",0.000135,-0.00106
"2017-03-24",-0.000434,-0.000844
"2017-03-27",-0.00037,-0.00102
"2017-03-28",0.00688,0.007251
"2017-03-29",0.002001,0.001085
"2017-03-30",0.002563,0.002935
"2017-03-31",-0.00112,-0.002255
"2017-04-03",-0.002701,-0.001642
"2017-04-04",0.000514,0.00056
"2017-04-05",-0.004206,-0.003055
"2017-04-06",0.00328,0.001929
"2017-04-07",-0.000722,-0.000827
"2017-04-10",0.001423,0.000688
"2017-04-11",-0.000255,-0.001434
"2017-04-12",-0.004588,-0.00376
"2017-04-13",-0.007211,-0.006815
"2017-04-17",0.00865,0.008613
"2017-04-18",-0.002532,-0.002903
"2017-04-19",-0.001438,-0.001716
"2017-04-20",0.007653,0.007557
"2017-04-21",-0.002876,-0.003035
"2017-04-24",0.01073,0.01084
"2017-04-25",0.005959,0.006091
"2017-04-26",-0.000165,-0.000486
"2017-04-27",-0.000172,0.000553
"2017-04-28",-0.002641,-0.001913
"2017-05-01",0.001964,0.001732
"2017-05-02",0.000251,0.001189
"2017-05-03",-0.002762,-0.001271
"2017-05-04",-0.000855,0.000582
"2017-05-05",0.00577,0.004089
"2017-05-08",-0.001086,3.8e-05
"2017-05-09",-0.001022,-0.001025
"2017-05-10",0.002306,0.001131
"2017-05-11",-0.003007,-0.002163
"2017-05-12",-0.001569,-0.001478
"2017-05-15",0.005506,0.004776
"2017-05-16",-0.000534,-0.000687
"2017-05-17",-0.018326,-0.018178
"2017-05-18",0.003342,0.003687
"2017-05-19",0.007536,0.006767
"2017-05-22",0.005372,0.00516
"2017-05-23",0.001501,0.001838
"2017-05-24",0.002361,0.002489
"2017-05-25",0.003149,0.004442
"2017-05-26",0.000188,0.000311
"2017-05-30",-0.002401,-0.001205
"2017-05-31",-0.000437,-0.00046
"2017-06-01",0.008911,0.007571
"2017-06-02",0.00347,0.003708
"2017-06-05",-0.001853,-0.001218
"2017-06-06",-0.002159,-0.002779
"2017-06-07",0.00055,0.001568
"2017-06-08",0.001552,0.000267
"2017-06-09",-0.000551,-0.00083
"2017-06-12",-0.000919,-0.000979
"2017-06-13",0.005074,0.004511
"2017-06-14",-0.002367,-0.000996
"2017-06-15",-0.003102,-0.00224
"2017-06-16",0.000446,0.000284
"2017-06-19",0.007615,0.008347
"2017-06-20",-0.007657,-0.006697
"2017-06-21",-0.000892,-0.000583
"2017-06-22",0.000785,-0.000456
"2017-06-23",0.002876,0.001561
"2017-06-26",0.000904,0.000316
"2017-06-27",-0.007529,-0.008073
"2017-06-28",0.009738,0.008808
"2017-06-29",-0.00818,-0.0086
"2017-06-30",0.001409,0.001533
